| Description   |                 |
|---------------|-----------------|
| keywords      |                 |
| dir-name      |                 |
| dir-name-en   |                 |
| tenant-type   | Oracle Mode     |

# NANVL

## 描述

该函数用于判断输入值参数 `n1` 是不是 `NaN`（表示非数字），并返回结果。

* 如果 `n1` 是 `NaN`，则返回参数 `n2`。

* 如果 `n1` 不是 `NaN`，则返回参数 `n1`。

  <main id="notice" type='notice'>
    <h4>注意</h4>
    <p>该函数仅适用于 <code>BINARY_FLOAT</code> 或 <code>BINARY_DOUBLE</code> 数据类型。</p>
  </main>

## 语法

```sql
NANVL(n1,n2)
```

## 参数解释

| 参数 |                             说明                              |
|----|-------------------------------------------------------------|
| n1 | 属于数值数据类型（`BINARY_FLOAT`、`BINARY_DOUBLE`）或可以隐式转换为数值数据类型的表达式。 |
| n2 | 属于数值数据类型（`BINARY_FLOAT`、`BINARY_DOUBLE`）或可以隐式转换为数值数据类型的表达式。 |

## 返回类型

* 如果有任意一个参数类型是 `BINARY_DOUBLE`，则返回 `BINARY_DOUBLE` 数据类型。

* 如果有参数类型都是 `BINARY_FLOAT`，则返回 `BINARY_FLOAT` 数据类型。

* 如果有任意一个参数为空，则返回 `NULL`。

## 示例

* 创建表 `tbl1`，并插入测试数据。如果列 `col2` 是数字，则返回原数值，否则返回 `0`。

  ```sql
  obclient> CREATE TABLE tbl1 (col1 NUMBER(10,2), col2 BINARY_DOUBLE, col3 BINARY_FLOAT);
  Query OK, 0 rows affected

  obclient> INSERT INTO tbl1 VALUES(1,1,1),(2,'NaN',2),(3,3,'NaN');
  Query OK, 3 rows affected
  Records: 3  Duplicates: 0  Warnings: 0

  obclient> SELECT * FROM tbl1;
  +------+----------+----------+
  | COL1 | COL2     | COL3     |
  +------+----------+----------+
  |    1 | 1.0E+000 | 1.0E+000 |
  |    2 |      Nan | 2.0E+000 |
  |    3 | 3.0E+000 |      Nan |
  +------+----------+----------+
  3 rows in set

  obclient> SELECT col2,NANVL(col2,0) FROM tbl1;
  +----------+---------------+
  | COL2     | NANVL(COL2,0) |
  +----------+---------------+
  | 1.0E+000 |      1.0E+000 |
  |      Nan |             0 |
  | 3.0E+000 |      3.0E+000 |
  +----------+---------------+
  3 rows in set
  ```

* 当有一个参数为空时，返回 `NULL`。

  ```sql
  obclient> SELECT NANVL('',1),NANVL(2,'') FROM DUAL;
  +-------------+-------------+
  | NANVL('',1) | NANVL(2,'') |
  +-------------+-------------+
  |        NULL |        NULL |
  +-------------+-------------+
  1 row in set
  ```
