|description||
|---|---|
|keywords||
|dir-name||
|dir-name-en||
|tenant-type|MySQL Mode|

# 物化视图查询改写

通过使用物化视图来加速查询，当输入一个不使用物化视图的查询时，系统会自动将查询重写为使用现有物化视图的查询。该方法的原理是将查询语句与物化视图的定义进行匹配，如果发现匹配的物化视图，则自动将查询重写为使用物化视图的查询，这样可以大大提高查询性能和效率。

## 物化视图查询改写使用要求

* 物化视图满足以下要求：

  * 创建物化视图时，指定 `ENABLE QUERY REWRITE` 开启当前物化视图的自动改写。
  * 需要物化视图仅包含 `SELECT JOIN` 与 `WHERE` 子句，即 SPJ 查询。对于不满足条件的物化视图，不会报错，但不会被用于改写。

* 当前查询满足以下要求：

  * 查询为 `SELECT` 查询，不是集合查询或层次查询，并且不包含窗口函数。
  * `FROM` 子句与物化视图完全匹配。
  * `WHERE` 条件物化视图是当前查询的子集，当前查询有聚合的情况下需要完全匹配。例如，物化视图的 `WHERE` 是 `c1 > 10`，当前查询的 `WHERE` 是 `c1 > 10 AND c2 >20`。这样物化视图的条件 {c1 > 10} 是当前查询 {c1>10, c2>20} 的子集。
  * `SELECT` 项、当前查询多余的 `WHERE`/`HAVING` 条件、`GROUP BY` 列等需要物化视图的 `SELECT` 中包含所需的列。

## 规则/代价检查

查询改写时，OceanBase 数据库当前版本不进行代价检查，但规则检查要求改写后的 `WHERE` 条件能够使用至少一个物化视图上的索引。此外，当前的改写机制仅支持前 10 个物化视图，超过 10 个物化视图将不会被匹配到适用的物化视图进行改写。

## 物化视图改写

控制物化视图查询改写的系统变量如下：

* `query_rewrite_enabled`：用于是否开启物化视图改写功能。该变量的详细介绍信息，参见 [query_rewrite_enabled](../../../../../800.configuration-items-and-system-variables/200.system-variable/300.global-system-variable/11050.query_rewrite_enabled-global.md)。

    **示例如下：**

    ```sql
    SET query_rewrite_enabled = 'force';
    ```

* `query_rewrite_integrity`：用于指定物化视图改写的数据一致性检查级别。该变量的详细介绍信息，参见 [query_rewrite_integrity](../../../../../800.configuration-items-and-system-variables/200.system-variable/300.global-system-variable/11060.query_rewrite_integrity-global.md)。

    **示例如下：**

    ```sql
    SET query_rewrite_integrity = 'stale_tolerated';
    ```

**通过以下示例展示物化视图改写：**

1. 创建表 `test_tbl1`。

    ```sql
    CREATE TABLE test_tbl1 (col1 INT, col2 INT, col3 INT);
    ```

2. 创建表 `test_tbl2`。

    ```sql
    CREATE TABLE test_tbl2 (col1 INT, col2 INT, col3 INT);
    ```

3. 创建名为 `mv_test_tbl1_tbl2` 的物化视图，并开启当前物化视图的自动改写。

    ```sql
    CREATE MATERIALIZED VIEW mv_test_tbl1_tbl2
        ENABLE QUERY REWRITE
        AS SELECT t1.col1 col1, t1.col2 t1col2, t1.col3 t1col3, t2.col2 t2col2, t2.col3 t2col3 
        FROM test_tbl1 t1, test_tbl2 t2
        WHERE t1.col1 = t2.col1;
    ```

4. 当输入查询 `SELECT count(*), test_tbl1.col1 col1 FROM test_tbl1, test_tbl2 WHERE test_tbl1.col1 = test_tbl2.col1 AND test_tbl2.col2 > 10 GROUP BY col1;` 时，发生物化视图查询改写。

    ```sql
    SELECT count(*), test_tbl1.col1 col1 FROM test_tbl1, test_tbl2 WHERE test_tbl1.col1 = test_tbl2.col1 AND test_tbl2.col2 > 10 GROUP BY col1;

    MV REWRITE ==>

    SELECT count(*), mv_test_tbl1_tbl2.col1 col1 FROM mv_test_tbl1_tbl2 WHERE mv_test_tbl1_tbl2.t2col2 > 10 GROUP BY mv_test_tbl1_tbl2.col1;
    ```

    物化视图查询改写要求输入的查询与物化视图的 `FROM` 完全匹配，`WHERE` 条件包含物化视图中的所有 `WHERE` 条件。

## 物化视图查询改写控制

物化视图查询改写控制包括 `MV_REWRITE`、`NO_MV_REWRITE` 两个 Hint，并且这两个 Hint 的优先级高于系统变量 `query_rewrite_enabled`。

### MV_REWRITE

`MV_REWRITE` 语法如下：

```sql
/*+ MV_REWRITE (@ queryblock [mv_name_list]) */

mv_name_list:
    mv_name [, mv_name ...]
```

单独使用 `MV_REWRITE` Hint 时可以跳过物化视图查询改写的规则/代价检查，直接使用可以使用的改写。Hint 后指定一个或多个物化视图的情况，除了跳过规则/代价检查外，物化视图查询改写将只使用指定的物化视图尝试改写，忽略所有没被指定的物化视图。

使用 `MV_REWRITE` Hint 指定物化视图时，无法强制使用没有 `ENABLE QUERY REWRITE`（开启当前物化视图的自动改写） 子句的物化视图，无法在系统变量 `query_rewrite_integrity` 设置为 `enforced` 的情况下强制使用非实时物化视图。

### NO_MV_REWRITE

`NO_MV_REWRITE` 语法如下：

```sql
/*+ NO_MV_REWRITE (@ queryblock) */
```

禁止物化视图查询改写，可以指定 query block。

### 物化视图查询改写控制 Hint 使用示例

1. 创建基表 `tbl2`。

    ```sql
    CREATE TABLE tbl2 (col1 INT, col2 INT);
    ```

2. 向基表 `tbl2` 中插入两条数据。

    ```sql
    INSERT INTO tbl2 VALUES (1,2),(3,4);
    ```

    返回结果如下：

    ```shell
    Query OK, 2 rows affected
    Records: 2  Duplicates: 0  Warnings: 0
    ```

3. 创建物化视图 `mv1_tbl2`，并开启当前物化视图的自动改写。

    ```sql
    CREATE MATERIALIZED VIEW mv1_tbl2 NEVER REFRESH ENABLE QUERY REWRITE AS SELECT * FROM tbl2;
    ```

4. 创建物化视图 `mv2_tbl2`，并开启当前物化视图的自动改写。

    ```sql
    CREATE MATERIALIZED VIEW mv2_tbl2 NEVER REFRESH ENABLE QUERY REWRITE AS SELECT * FROM tbl2 WHERE tbl2.col1 > 1;
    ```

5. 设置系统变量 `query_rewrite_integrity` 为 `stale_tolerated`。

    <main id="notice" type='explain'>
      <h4>说明</h4>
      <p><code>MV_REWRITE</code> 和 <code>NO_MV_REWRITE</code> Hint 的优先级高于系统变量 <code>query_rewrite_enabled</code>，因此不需要设置 <code>query_rewrite_enabled</code>。但是需要设置 <code>query_rewrite_integrity</code> 为 <code>stale_tolerated</code> 才可以使用非实时物化视图进行改写。</p>
    </main>

    ```sql
    SET query_rewrite_integrity = 'stale_tolerated';
    ```

6. 使用 `MV_REWRITE` Hint 用物化视图尝试进行改写，并跳过改写代价/规则检查。下面两条查询都将使用物化视图 `mv1_tbl2` 进行改写。

   * `/*+mv_rewrite*/` 将尝试使用所有符合改写条件的物化视图进行改写，一旦找到了符合改写要求的物化视图，后续的物化视图将不再被考虑，并跳过改写代价/规则检查。

       ```sql
       EXPLAIN SELECT /*+mv_rewrite*/ count(*), col1 FROM tbl2 WHERE tbl2.col1 > 1 GROUP BY col1;
       ```

       返回结果如下：

       ```shell
       +------------------------------------------------------------------------------------+
       | Query Plan                                                                         |
       +------------------------------------------------------------------------------------+
       | =====================================================                              |
       | |ID|OPERATOR         |NAME    |EST.ROWS|EST.TIME(us)|                              |
       | -----------------------------------------------------                              |
       | |0 |HASH GROUP BY    |        |1       |3           |                              |
       | |1 |└─TABLE FULL SCAN|mv1_tbl2|1       |3           |                              |
       | =====================================================                              |
       | Outputs & filters:                                                                 |
       | -------------------------------------                                              |
       |   0 - output([T_FUN_COUNT(*)], [mv1_tbl2.col1]), filter(nil), rowset=16            |
       |       group([mv1_tbl2.col1]), agg_func([T_FUN_COUNT(*)])                           |
       |   1 - output([mv1_tbl2.col1]), filter([mv1_tbl2.col1 > 1]), rowset=16              |
       |       access([mv1_tbl2.col1]), partitions(p0)                                      |
       |       is_index_back=false, is_global_index=false, filter_before_indexback[false],  |
       |       range_key([mv1_tbl2.__pk_increment]), range(MIN ; MAX)always true            |
       +------------------------------------------------------------------------------------+
       14 rows in set
       ```

   * `/*+mv_rewrite(mv2_tbl2)*/` 将尝试使用 `mv2_tbl2` 进行改写，并跳过改写代价/规则检查。

        ```sql
        EXPLAIN SELECT /*+mv_rewrite(mv2_tbl2)*/ count(*), col1 FROM tbl2 WHERE tbl2.col1 > 1 GROUP BY col1;
        ```

        返回结果如下：

        ```shell
        +-------------------------------------------------------------------------+
        | Query Plan                                                              |
        +-------------------------------------------------------------------------+
        | =====================================================                   |
        | |ID|OPERATOR         |NAME    |EST.ROWS|EST.TIME(us)|                   |
        | -----------------------------------------------------                   |
        | |0 |HASH GROUP BY    |        |1       |3           |                   |
        | |1 |└─TABLE FULL SCAN|mv2_tbl2|1       |3           |                   |
        | =====================================================                   |
        | Outputs & filters:                                                      |
        | -------------------------------------                                   |
        |   0 - output([T_FUN_COUNT(*)], [mv2_tbl2.col1]), filter(nil), rowset=16 |
        |       group([mv2_tbl2.col1]), agg_func([T_FUN_COUNT(*)])                |
        |   1 - output([mv2_tbl2.col1]), filter(nil), rowset=16                   |
        |       access([mv2_tbl2.col1]), partitions(p0)                           |
        |       is_index_back=false, is_global_index=false,                       |
        |       range_key([mv2_tbl2.__pk_increment]), range(MIN ; MAX)always true |
        +-------------------------------------------------------------------------+
        14 rows in set
        ```

7. 由于 `mv2_tbl2` 无法用于下面查询的改写（`WHERE` 条件不满足），下面的查询只尝试使用 `mv2_tbl2`，因此无法使用其他物化视图查询改写，不会进行物化视图查询改写。

    ```sql
    EXPLAIN SELECT /*+mv_rewrite(mv2_tbl2)*/ count(*), col1 FROM tbl2 WHERE tbl2.col1 < 1 GROUP BY col1;
    ```

    返回结果如下：

    ```shell
    +------------------------------------------------------------------------------------+
    | Query Plan                                                                         |
    +------------------------------------------------------------------------------------+
    | =================================================                                  |
    | |ID|OPERATOR         |NAME|EST.ROWS|EST.TIME(us)|                                  |
    | -------------------------------------------------                                  |
    | |0 |HASH GROUP BY    |    |1       |3           |                                  |
    | |1 |└─TABLE FULL SCAN|tbl2|1       |3           |                                  |
    | =================================================                                  |
    | Outputs & filters:                                                                 |
    | -------------------------------------                                              |
    |   0 - output([T_FUN_COUNT(*)], [tbl2.col1]), filter(nil), rowset=16                |
    |       group([tbl2.col1]), agg_func([T_FUN_COUNT(*)])                               |
    |   1 - output([tbl2.col1]), filter([tbl2.col1 < 1]), rowset=16                      |
    |       access([tbl2.col1]), partitions(p0)                                          |
    |       is_index_back=false, is_global_index=false, filter_before_indexback[false],  |
    |       range_key([tbl2.__pk_increment]), range(MIN ; MAX)always true                |
    +------------------------------------------------------------------------------------+
    14 rows in set
    ```

8. 使用 `/*+ no_mv_rewrite*/` Hint，不会进行物化视图查询改写。

    ```sql
    EXPLAIN SELECT /*+no_mv_rewrite*/ count(*), col1 FROM tbl2 WHERE tbl2.col1 > 1 GROUP BY col1;
    ```

    返回结果如下：

    ```shell
    +------------------------------------------------------------------------------------+
    | Query Plan                                                                         |
    +------------------------------------------------------------------------------------+
    | =================================================                                  |
    | |ID|OPERATOR         |NAME|EST.ROWS|EST.TIME(us)|                                  |
    | -------------------------------------------------                                  |
    | |0 |HASH GROUP BY    |    |1       |3           |                                  |
    | |1 |└─TABLE FULL SCAN|tbl2|1       |3           |                                  |
    | =================================================                                  |
    | Outputs & filters:                                                                 |
    | -------------------------------------                                              |
    |   0 - output([T_FUN_COUNT(*)], [tbl2.col1]), filter(nil), rowset=16                |
    |       group([tbl2.col1]), agg_func([T_FUN_COUNT(*)])                               |
    |   1 - output([tbl2.col1]), filter([tbl2.col1 > 1]), rowset=16                      |
    |       access([tbl2.col1]), partitions(p0)                                          |
    |       is_index_back=false, is_global_index=false, filter_before_indexback[false],  |
    |       range_key([tbl2.__pk_increment]), range(MIN ; MAX)always true                |
    +------------------------------------------------------------------------------------+
    14 rows in set
    ```

## 相关文档

* [CREATE MATERIALIZED VIEW](../../../../../500.sql-reference/100.sql-syntax/200.common-tenant-of-mysql-mode/600.sql-statement-of-mysql-mode/2250.create-materialized-views-of-mysql-mode-in-sql.md)
* [创建物化视图](200.create-materialized-views-of-mysql-mode.md)
* [查询物化视图](300.view-materialized-views-of-mysql-mode.md)
* [删除物化视图](400.delete-materialized-views-of-mysql-mode.md)
* [刷新物化视图](500.refresh-materialized-views-of-mysql-mode.md)
