| Description   |                 |
|---------------|-----------------|
| keywords      |                 |
| dir-name      |                 |
| dir-name-en   |                 |
| tenant-type   | Oracle Mode     |

# INSTEAD OF DML 触发器

`INSTEAD OF` DML 触发器创建于非编辑视图上，可以用于更新视图。`INSTEAD OF` 触发器可以确定预期的操作并在基础表上执行适当的 DML 操作。

`INSTEAD OF` 触发器只能是行级触发器。`INSTEAD OF` 触发器可以读取但不能更改 `OLD` 和 `NEW` 值。

  <main id="notice" >
    <h4>功能适用性</h4>
    <p>该内容仅适用于 OceanBase 数据库企业版。OceanBase 数据库社区版仅提供 MySQL 模式。</p>
  </main>

### 示例

如下示例中，创建视图  `order_list` 以显示有关客户及其订单的信息。因为订单表的主键 `order_id` 在连接视图的结果集中不是唯一的，所以视图本质上不是可更新的。该示例创建一个 `INSTEAD OF` 触发器来处理指向视图的 `INSERT` 语句。触发器将行数据插入到视图的基表 `customers` 和 `orders` 中。

```sql
obclient> CREATE TABLE customers(
    customer_id             NUMBER(30) NOT NULL ,
    cust_last_name          VARCHAR(30) DEFAULT NULL,
    cust_first_name         VARCHAR(30) DEFAULT NULL,
    cust_address            VARCHAR(50) DEFAULT NULL,
    cust_nationkey          NUMBER(20) DEFAULT NULL,
    cust_phone              CHAR(15) DEFAULT NULL,
    cust_acctbal            DECIMAL(10,3) DEFAULT NULL,
    cust_mktsegment         CHAR(10) DEFAULT NULL,
    cust_comment            VARCHAR(200) DEFAULT NULL,
    PRIMARY KEY(customer_id));
Query OK, 1 row affected 

obclient> CREATE TABLE orders(
    order_id                 NUMBER(30) NOT NULL ,
    customer_id              NUMBER(30) NOT NULL ,
    order_status             CHAR(5) DEFAULT NULL,
    total_price              DECIMAL(10,3) DEFAULT NULL,
    order_date               DATE NOT NULL,
    order_priority           CHAR(10) DEFAULT NULL,
    order_clerk              CHAR(20) DEFAULT NULL,
    order_shippriority       NUMBER(10) DEFAULT NULL,
    order_comment            VARCHAR(100) DEFAULT NULL,
    PRIMARY KEY(order_id,order_date,customer_id));


 obclient> CREATE OR REPLACE VIEW order_list AS
     SELECT c.customer_id, c.cust_last_name, c.cust_first_name,
          o.order_id, o.order_date, o.order_status
     FROM customers c, orders o
     WHERE c.customer_id = o.customer_id;
  Query OK, 0 rows affected 
 
 obclient> delimiter /
 
 obclient> CREATE OR REPLACE TRIGGER order_list_insert
     INSTEAD OF INSERT ON order_list
     DECLARE
       duplicate_info EXCEPTION;
       PRAGMA EXCEPTION_INIT (duplicate_info, -00001);
     BEGIN
       INSERT INTO customers
         (customer_id, cust_last_name, cust_first_name)
     VALUES (
       :new.customer_id,
       :new.cust_last_name,
       :new.cust_first_name);
     INSERT INTO orders (order_id, order_date, customer_id)
     VALUES (
       :new.order_id,
       :new.order_date,
       :new.customer_id);
     EXCEPTION
       WHEN duplicate_info THEN
         RAISE_APPLICATION_ERROR (
           -20107,
           'Duplicate customer or order ID');
     END order_list_insert;
    /
Query OK, 0 rows affected

obclient> delimiter ;

/* 查询并显示要插入的行不存在 */
obclient> SELECT COUNT(*) FROM order_list WHERE customer_id = 111;
+----------+
| COUNT(*) |
+----------+
|        0 |
+----------+
1 row in set 

/* 将行数据插入视图 */
obclient> INSERT INTO order_list VALUES (111, 'Smith', 'William', 3500, 
                                         '23-MAR-2001', 0);
Query OK, 1 row affected 

/* 查询并显示该行已插入到视图中 */
obclient> SELECT COUNT(*) FROM order_list WHERE customer_id = 111;
+----------+
| COUNT(*) |
+----------+
|        1 |
+----------+
1 row in set 

/* 查询并显示该行已插入到 customers 表中 */
obclient> SELECT COUNT(*) FROM customers WHERE customer_id = 111;
+----------+
| COUNT(*) |
+----------+
|        1 |
+----------+
1 row in set 

/* 查询并显示该行已插入到 orders 表中 */
obclient> SELECT COUNT(*) FROM orders WHERE customer_id = 111;
+----------+
| COUNT(*) |
+----------+
|        1 |
+----------+
1 row in set 
```
