| Description   |                 |
|---------------|-----------------|
| keywords      |                 |
| dir-name      |                 |
| dir-name-en   |                 |
| tenant-type   | Oracle Mode     |

# DECODE

## 描述

该函数功能是将 `condition` 与每个 `search` 依次做比较，并返回对比结果。

* 如果有一个或多个 `search` 与 `condition` 的值相等，则返回首个与 `condition` 的值相等的 `search` 后跟随的 `result` 的值。

* 如果没有 `search` 与 `condition` 相等，则返回参数 `default` 的值。如果省略参数 `default` 的值，则返回 `null`。

## 语法

```sql
DECODE (condition, search, result [, search, result ...][, default])
```

## 参数解释

`condition`、`search`、`result` 和 `default` 可以是数值数据类型（`NUMBER`、`FLOAT`、`BINARY_FLOAT` 或 `BINARY_DOUBLE`）或字符数据类型（ `CHAR`、`VARCHAR2`、`NCHAR` 或 `NVARCHAR2`）的值或表达式。
  <main id="notice" type='notice'>
    <h4>注意</h4>
    <p>如果第一个 <code>result</code> 是数值数据类型，则返回 <code>result</code> 或 <code>default</code> 也必须是数值数据类型，否则报错。</p>
  </main>

## 返回类型

* 如果首个与 `condition` 的值相等的 `search` 后跟随的 `result` 的数据类型是 `CHAR`、`VARCHAR2`、`NCHAR` 或 `NVARCHAR2`，则返回 `VARCHAR2` 数据类型。

* 如果首个与 `condition` 的值相等的 `search` 后跟随的 `result` 的数据类型是数值数据类型，则返回该参数 `result` 数据类型。

* 如果所有 `search` 与 `condition` 都不相等时：

  * 如果省略参数 `default` 的值，则返回 `null`。

  * 如果参数 `default` 的数据类型是 `CHAR`、`VARCHAR2`、`NCHAR` 或 `NVARCHAR2`，则返回 `VARCHAR2` 数据类型。

## 示例

* 使用 `DECODE` 比较 `5*3-2` 与 `3*4-1` 数值的大小。

  ```sql
  obclient> SELECT DECODE(SIGN((5*3-2)-(3*4-1)),0,'相等',1,'(5*3-2)大','(3*4-1)大') FROM DUAL;
  +----------------------------------------------------------------------+
  | DECODE(SIGN((5*3-2)-(3*4-1)),0,'相等',1,'(5*3-2)大','(3*4-1)大')     |
  +----------------------------------------------------------------------+
  | (5*3-2)大                                                            |
  +----------------------------------------------------------------------+
  1 row in set
  ```

* 使用 `DECODE` 函数查看数据中是否包含字符 `S`。

  ```sql
  obclient> SELECT
      DECODE(INSTR('CLARK','S'), 0, '不含有 S', '含有 S') "CLARK",
      DECODE(INSTR('KING','S'), 0, '不含有 S', '含有 S') "KING",
      DECODE(INSTR('MILLER','S'), 0, '不含有 S', '含有 S') "MILLER",
      DECODE(INSTR('ADAMS','S'), 0, '不含有 S', '含有 S') "ADAMS",
      DECODE(INSTR('FORD','S'), 0, '不含有 S', '含有 S') "FORD",
      DECODE(INSTR('JONES','S'), 0, '不含有 S', '含有 S') "JONES"
      FROM DUAL;
  +-------------+-------------+-------------+----------+-------------+----------+
  | CLARK       | KING        | MILLER      | ADAMS    | FORD        | JONES    |
  +-------------+-------------+-------------+----------+-------------+----------+
  | 不含有 S    | 不含有 S    | 不含有 S    | 含有 S   | 不含有 S    | 含有 S   |
  +-------------+-------------+-------------+----------+-------------+----------+
  1 row in set
  ```
