| Description   |                 |
|---------------|-----------------|
| keywords      |                 |
| dir-name      |                 |
| dir-name-en   |                 |
| tenant-type   | Oracle Mode     |

# SAVEPOINT

## 描述

该语句用来在提交事务之前创建保存点，可以实现将事务部分回滚。

  <main id="notice" type='explain'>
    <h4>说明</h4>
    <ul>
    <li>保存点名称在同一个事务范围内是唯一的，后一个保存点会覆盖前一个同名的保存点。</li>
    <li>创建保存点后可以继续处理、提交工作、回滚整个事务或者将事务回滚到指定保存点。有关回事务滚事务的详细信息，请参见 <a href="../300.dcl-of-oracle-mode/3000.rollback-of-oracle-mode.md">ROLLBACK</a>。</li>
    </ul>
  </main>

## 语法

```sql
SAVEPOINT savepoint_name;
```

## 参数说明

|       参数       |    描述     |
|----------------|-----------|
| savepoint_name | 指定保存点的名称。 |

## 示例

创建示例表 `tbl1`。

```sql
obclient> CREATE TABLE tbl1 (id INT,name VARCHAR(10),num INT);
Query OK, 0 rows affected

obclient>  INSERT INTO tbl1 VALUES (1, 'a',10),(2, 'b',20),(3, 'a',30);
Query OK, 3 rows affected
Records: 3  Duplicates: 0  Warnings: 0

obclient> SELECT * FROM tbl1;
+------+------+------+
| ID   | NAME | NUM  |
+------+------+------+
|    1 | a    |   10 |
|    2 | b    |   20 |
|    3 | a    |   30 |
+------+------+------+
3 rows in set
```

1. 更新表 `tbl1`，将 `id = 3` 的 `name` 改为 `c`，并创建 `savepoint1`。

   ```sql
   obclient> UPDATE tbl1 SET name = 'c' WHERE id = 3;
   Query OK, 1 row affected
   Rows matched: 1  Changed: 1  Warnings: 0

   obclient> SAVEPOINT savepoint1;
   Query OK, 0 rows affected
   ```

2. 向表 `tbl1` 插入一行数据，并查询表 `tbl1`。

   ```sql
   obclient> INSERT INTO tbl1 VALUES (4, 'd',40);
   Query OK, 1 row affected

   obclient> SELECT * FROM tbl1;
   +------+------+------+
   | ID   | NAME | NUM  |
   +------+------+------+
   |    1 | a    |   10 |
   |    2 | b    |   20 |
   |    3 | c    |   30 |
   |    4 | d    |   40 |
   +------+------+------+
   4 rows in set
   ```

3. 回滚 `savepoint1`，并查询表 `tbl1`。

   ```sql
   obclient> ROLLBACK TO SAVEPOINT savepoint1;
   Query OK, 0 rows affected

   obclient> SELECT * FROM tbl1;
   +------+------+------+
   | ID   | NAME | NUM  |
   +------+------+------+
   |    1 | a    |   10 |
   |    2 | b    |   20 |
   |    3 | c    |   30 |
   +------+------+------+
   3 rows in set

   obclient> COMMIT;
   Query OK, 0 rows affected
   ```
