# Character sets

By default, OceanBase Database uses the `utf8mb4` character set.

OceanBase Database supports the following character sets:

* `binary`

* `gbk`

* `gb18030`

* `utf16`

* `utf8mb4`

* `latin1`

* `gb18030_2022`

  <main id="notice" >
    <h4>Applicability</h4>
    <p>OceanBase Database Community Edition and OceanBase Connector/J do not support <code>utf8mb4_unicode_ci</code> or <code>utf16_unicode_ci</code>. </p>
  </main>


  <main id="notice" type='explain'>
    <h4>Note</h4>
    <ul>
    <p>To support seamless migration, OceanBase Database takes <code>utf8</code> as a synonym for <code>utf8mb4</code>. </li>
    </p>
  </main>

The current version of OceanBase Database does not support implicit conversion between `gb18030` and `gb18030_2022`. However, you can explicitly convert the character set of a `gb18030` string to `gb18030_2022` by using the `CONVERT()` function. Such conversion does not involve Unicode encoding and decoding. That is, the original code is retained. In the following example, the code of '龴' remains `0xFE59` before and after the conversion.

```shell
obclient> SELECT HEX(CONVERT(_gb18030 0xFE59 USING gb18030_2022)), HEX(CONVERT(_gb18030_2022 0xFE59 USING gb18030));
+--------------------------------------------------+--------------------------------------------------+
| HEX(CONVERT(_gb18030 0xFE59 USING gb18030_2022)) | HEX(CONVERT(_gb18030_2022 0xFE59 USING gb18030)) |
+--------------------------------------------------+--------------------------------------------------+
| FE59                                             | FE59                                             |
+--------------------------------------------------+--------------------------------------------------+
1 row in set
```

Use the following `SHOW CHARACTER SET` statement to view the available character sets.

```sql
obclient> SHOW CHARACTER SET;
+--------------+-----------------------+-------------------------+--------+
| Charset      | Description           | Default collation       | Maxlen |
+--------------+-----------------------+-------------------------+--------+
| binary       | Binary pseudo charset | binary                  |      1 |
| utf8mb4      | UTF-8 Unicode         | utf8mb4_general_ci      |      4 |
| gbk          | GBK charset           | gbk_chinese_ci          |      2 |
| utf16        | UTF-16 Unicode        | utf16_general_ci        |      2 |
| gb18030      | GB18030 charset       | gb18030_chinese_ci      |      4 |
| latin1       | cp1252 West European  | latin1_swedish_ci       |      1 |
| gb18030_2022 | GB18030-2022 charset  | gb18030_2022_chinese_ci |      4 |
+--------------+-----------------------+-------------------------+--------+
7 rows in set
```

OceanBase Database allows you to specify a character set other than the default one for communication with the server. For example, to use the `gbk` character set, execute the following statement after you connect to the server:

```sql
obclient> SET NAMES gbk;
Query OK, 0 rows affected
```

Note that the `SET NAMES` statement does not change the encoding of characters that are input on the client. For example, if you want to use the `SET NAMES` statement to set client encoding to `gb18030_2022`, `gb18030_2022` encoding must have been used on the client. Otherwise, garbled characters are displayed.

```shell
/* Use the utf8mb4 character set on the client and create a table named t with the default utf8mb4 character set. */
obclient> CREATE TABLE t(c VARCHAR(100));
Query OK, 0 rows affected

/* Insert utf8mb4-encoded characters. */
obclient> INSERT INTO t VALUES ('Character Set');
Query OK, 1 row affected

/* Change the character set of the current session, but use the original character set on the client. */
obclient> SET NAMES gb18030_2022;
Query OK, 0 rows affected

/* Insert utf8mb4-encoded characters again. */
obclient> INSERT INTO t VALUES ('Character Set');
Query OK, 1 row affected

/* The data in table t is garbled. */
obclient> SELECT * FROM t;
+----------+
| c        |
+----------+
| �ַ���     |
| Characters�    |
+----------+
2 rows in set

/* Change the character set of the current session to utf8mb4. */
obclient> SET NAMES utf8mb4;
Query OK, 0 rows affected

/* Query the data in table t. The characters inserted in the second batch are still garbled. */
obclient> SELECT * FROM t;
+--------------+
| c            |
+--------------+
| Characters       |
| Exxrrxxor      |
+--------------+
2 rows in set
```
