| Description   |                 |
|---------------|-----------------|
| keywords      |                 |
| dir-name      |                 |
| dir-name-en   |                 |
| tenant-type   | Oracle Mode     |

# ALTER SESSION

## Purpose

You can use this statement to set or modify session information such as the session status.

  <main id="notice" type='explain'>
    <h4>Note</h4>
    <p>In OceanBase Database, you can use the <code>ALTER SESSION</code> statement for the following purposes:</p>
    <ul>
    <li>Switch the connected database in the current session. </li>
    <li>Modify the isolation level of the current session. </li>
    <li>Specify session variables. You can specify multiple variables in one statement. </li>
    <li>Set parallel execution for queries or DML statements. </li>
    </ul>
  </main>

## Syntax

```sql
ALTER SESSION {
  alter_session_set_clause
| { ENABLE | DISABLE | FORCE } PARALLEL { DML | QUERY } [ PARALLEL integer ]
};

alter_session_set_clause:
SET {
  CURRENT_SCHEMA = current_schema_name
| ISOLATION_LEVEL = [ READ UNCOMMITTED
                                   | READ COMMITTED
                                   | REPEATABLE READ
                                   | SERIALIZABLE];
| variable_name = variable_value[,variable_name = variable_value...]
}
```

## Parameters

| Parameter | Description |
|------------------------------------------------------------------------------------------------|-----------------------------------------------------------------------------------------------------------------------------------------------------------------------------------------------------------------------------------------------------------------------------------------------------------------------------------------------------------------------------------------------------------------------------------------------|
| CURRENT_SCHEMA | The name of the schema to which the session switches.  |
| ISOLATION_LEVEL | The isolation level of the session.  |
| variable_name = variable_value\[,variable_name = variable_value...\]; | The name and value of a session variable. When you set two or more variables, separate them with spaces instead of commas (,).  |
| { ENABLE \| DISABLE \| FORCE } PARALLEL | Specifies whether to enable parallel execution for `queries` or `DML statements`. <ul><li> `ENABLE`: sets the degree of parallelism (DOP) of the session to the table-level DOP by default.   </li><li> `DISABLE`: sets the DOP to 1 by default.     </li><li> `FORCE`: sets the DOP for queries or DML statements to the value of `PARALLEL integer`. </li></ul>    **Notice**: When you specify the DOP, the following priority order applies: DOP specified by using a hint \> DOP specified by executing the `ALTER SESSION` statement \> DOP at the table level.  |

## Examples

* Switch to the `user1` schema.

   ```sql
   obclient> ALTER SESSION SET CURRENT_SCHEMA = user1;
   Query OK, 0 rows affected
   ```

* Modify the values of the session variables `recyclebin`, `sql_warnings`, and `tx_isolation`.

   ```sql
   obclient> ALTER SESSION SET recyclebin = 'on'
                              sql_warnings = 'on'
                              tx_isolation = 'read-committed';
   Query OK, 0 rows affected
   ```

* Set parallel execution for queries and DML statements in a session.

   ```sql
   /*Execute queries in parallel at a DOP of 3.*/
   obclient> ALTER SESSION FORCE PARALLEL QUERY PARALLEL 3;
   Query OK, 0 rows affected

   obclient> SELECT * FROM tbl1;
   +------+------+
   | COL1 | COL2 |
   +------+------+
   |    1 |    1 |
   +------+------+
   1 row in set

   /*Execute queries in sequence.*/
   obclient> ALTER SESSION FORCE PARALLEL QUERY PARALLEL 1;
   Query OK, 0 rows affected

   obclient> SELECT * FROM tbl1;
   +------+------+
   | COL1 | COL2 |
   +------+------+
   |    1 |    1 |
   +------+------+
   1 row in set

   /*Enable parallel DML (PDML) and execute DML statements in parallel at a DOP of 3.*/
   obclient> ALTER SESSION FORCE PARALLEL DML PARALLEL 3;
   Query OK, 0 rows affected

   obclient> INSERT INTO tbl2 SELECT * FROM tbl1;
   Query OK, 1 row affected

   /*Execute queries in sequence.*/
   obclient> ALTER SESSION FORCE PARALLEL DML PARALLEL 1;
   Query OK, 0 rows affected

   obclient> INSERT INTO tbl2 SELECT * FROM tbl1;
   Query OK, 1 row affected
   ```
