| Description   |                 |
|---------------|-----------------|
| keywords      |                 |
| dir-name      |                 |
| dir-name-en   |                 |
| tenant-type   | Oracle Mode     |

# TO_NUMBER

## 描述

该函数功能是将 `CHAR`、`VARCHAR2`、`NCHAR`、`NVARCHAR2`、`BINARY_FLOAT` 或 `BINARY_DOUBLE` 类型的字符串转换为 `NUMBER` 数值数据类型的值。

## 语法

```sql
TO_NUMBER(expr [, fmt [, 'nlsparam' ] ])
```

## 参数解释

|    参数    |                                                               说明                                                               |
|----------|--------------------------------------------------------------------------------------------------------------------------------|
| expr     | 属于 `CHAR`、`VARCHAR2`、`NCHAR`、`NVARCHAR2`、`BINARY_FLOAT` 或 `BINARY_DOUBLE` 数据类型的数值。                                             |
| fmt      | `expr` 的格式模型，为可选项。 **说明**  `expr` 必须在 `fmt` 范围内。例如：`TO_NUMBER('$123456.78','$999999999.999')`。 |
| nlsparam | 用来控制返回数据的所使用的语言，为可选项。                                                                                                          |

## 返回类型

返回 `NUMBER` 类型的数据。

## 示例

* 将字符串 `0123456` 转换为数值。

  ```sql
  obclient> SELECT TO_NUMBER('0123456') FROM DUAL;
  +----------------------+
  | TO_NUMBER('0123456') |
  +----------------------+
  |               123456 |
  +----------------------+
  1 row in set
  ```

* 将十六进制数 `16f` 转换为十进制数。

  ```sql
  obclient> SELECT TO_NUMBER('16f','xxx') FROM DUAL;
  +------------------------+
  | TO_NUMBER('16F','XXX') |
  +------------------------+
  |                    367 |
  +------------------------+
  1 row in set
  ```
