| Description   |                 |
|---------------|-----------------|
| keywords      |                 |
| dir-name      |                 |
| dir-name-en   |                 |
| tenant-type   | Oracle Mode     |

# TO_NCHAR (datetime)

## 描述

该函数将 `DATE`、`TIMESTAMP`、`TIMESTAMP WITH TIME ZONE`、`TIMESTAMP WITH LOCAL TIME ZONE`、`INTERVAL YEAR TO MONTH` 或 `INTERVAL DAY TO SECOND` 等数据类型的值从数据库字符集转换为国家字符集的数据类型。

## 语法

```sql
TO_NCHAR({ datetime | interval }[, fmt [, 'nlsparam' ] ])
```

## 参数解释

|    参数    |                                                                                                                                                                                                                 说明                                                                                                                                                                                                                 |
|----------|------------------------------------------------------------------------------------------------------------------------------------------------------------------------------------------------------------------------------------------------------------------------------------------------------------------------------------------------------------------------------------------------------------------------------------|
| datetime | `DATE`、`TIMESTAMP`、`TIMESTAMP WITH TIME ZONE`、`TIMESTAMP WITH LOCAL TIME ZONE`、`INTERVAL DAY TO SECOND` 和 `INTERVAL YEAR TO MONTH` 等数据类型的值。                                                                                                                                                                                                                                                                                        |
| interval | `INTERVAL DAY TO SECOND` 和 `INTERVAL YEAR TO MONTH` 数据类型的值。 间隔单位如下： <ul><li> `YEAR` 表示年。   </li><li> `MONTH` 表示月。   </li><li> `DAY` 表示天。   </li><li> `HOUR` 表示小时。   </li><li> `MINUTE` 表示分钟。   </li><li> `SECOND` 表示秒数。 </li></ul>   |
| fmt      | 指定输出格式，为可选项。 如果不指定参数 `fmt`，则参数 `datetime` 的值将按如下格式转换为 `VARCHAR2` 数据类型： <ul><li> `DATE`、`TIMESTAMP`、`TIMESTAMP WITH TIME ZONE` 和 `TIMESTAMP WITH LOCAL TIME ZONE` 的值被转换为数据库中日期时间值的默认格式。您可在 **日期时间和间隔数据类型** 章节中查看各日期时间类型的默认格式。   </li><li> `INTERVAL DAY TO SECOND` 和 `INTERVAL YEAR TO MONTH` 数据类型的值转换为数字格式的间隔值。 </li></ul>               |
| nlsparam | 用来控制返回的月份和日份所使用的语言，为可选项。                                                                                                                                                                                                                                                                                                                                                                                                           |

## 返回类型

返回国家字符集的数据类型。

## 示例

* 通过 `TO_NCHAR` 函数将当前日期分别按 `YYYY/MM/DD` 和 `DSDL` 格式返回。

  ```sql
  obclient> SELECT TO_NCHAR(SYSDATE,'yyyy/mm/dd'),TO_NCHAR(SYSDATE,'DSDL') FROM DUAL;
  +--------------------------------+----------------------------------------+
  | TO_NCHAR(SYSDATE,'YYYY/MM/DD') | TO_NCHAR(SYSDATE,'DSDL')               |
  +--------------------------------+----------------------------------------+
  | 2021/12/09                     | 12/09/2021 Thursday, December 09, 2021 |
  +--------------------------------+----------------------------------------+
  1 row in set
  ```

* 将时间间隔值转化为数字格式的间隔值，并且设置返回语言为 `AMERICAN`。

  ```sql
  obclient> SELECT TO_NCHAR(interval'90' MINUTE, 'SS-MI-HH', 'nls_language = AMERICAN') FROM DUAL;
  +-----------------------------------------------------------------+
  | TO_NCHAR(INTERVAL'90'MINUTE,'SS-MI-HH','NLS_LANGUAGE=AMERICAN') |
  +-----------------------------------------------------------------+
  | +00 01:30:00                                                    |
  +-----------------------------------------------------------------+
  1 row in set
  ```
