| Description   |                 |
|---------------|-----------------|
| keywords      |                 |
| dir-name      |                 |
| dir-name-en   |                 |
| tenant-type   | Oracle Mode     |

# NUMTODSINTERVAL

## 描述

该函数作用是将一个数值表达式加时间间隔单位转换为一个 `INTERVAL DAY TO SECOND` 数据类型的值。可以用来对一个日期时间值进行加减计算。

## 语法

```sql
NUMTODSINTERVAL(number, 'interval_unit')
```

## 参数解释

|      参数       |                                                                                                                                                                          说明                                                                                                                                                                           |
|---------------|-------------------------------------------------------------------------------------------------------------------------------------------------------------------------------------------------------------------------------------------------------------------------------------------------------------------------------------------------------|
| number        | 指定间隔数量，是一个 `NUMBER` 值或可以隐式转换为 `NUMBER` 值的表达式。                                                                                                                                                                                                                                                                                                         |
| interval_unit | 指定间隔单位，可以是 `CHAR`、`VARCHAR2`、`NCHAR` 或 `NVARCHAR2` 数据类型的值，不区分大小写。默认情况下，返回的精度为 `9`。 间隔单位如下： <ul><li> `DAY` 表示天。   </li><li> `HOUR` 表示小时。   </li><li>`MINUTE` 表示分钟。   </li><li> `SECOND` 表示秒。</li></ul>    |

## 返回类型

返回 `INTERVAL DAY TO SECOND` 数据类型。

## 示例

* 将 `100 day` 转换为一个 `INTERVAL DAY TO SECOND` 数据类型的值。

  ```sql
  obclient> SELECT NUMTODSINTERVAL(100,'day') FROM DUAL;
  +-------------------------------+
  | NUMTODSINTERVAL(100,'DAY')    |
  +-------------------------------+
  | +000000100 00:00:00.000000000 |
  +-------------------------------+
  1 row in set
  ```

* 返回 2021 年 12 月 31 日在 180 天后的日期时间值。

  ```sql
  obclient> SELECT TO_CHAR(TIMESTAMP '2021-12-31 00:00:00'+NUMTODSINTERVAL(180,'day'),'YYYY-MM-DD HH24:MI:SS') "Time Stamp" FROM DUAL;
  +---------------------+
  | Time Stamp          |
  +---------------------+
  | 2022-06-29 00:00:00 |
  +---------------------+
  1 row in set
  ```
