| Description   |                 |
|---------------|-----------------|
| keywords      |                 |
| dir-name      |                 |
| dir-name-en   |                 |
| tenant-type   | Oracle Mode     |

# NUMTOYMINTERVAL

## 描述

该函数作用是将一个数值表达式加时间间隔单位转换为一个 `INTERVAL YEAR TO MONTH` 数据类型的值。可以用来对一个日期时间值进行加减计算。

## 语法

```sql
NUMTOYMINTERVAL(number, 'interval_unit')
```

## 参数解释

|      参数       |                                                                                                                       说明                                                                                                                        |
|---------------|-------------------------------------------------------------------------------------------------------------------------------------------------------------------------------------------------------------------------------------------------|
| number        | 指定间隔数量，是一个 `NUMBER` 值或可以隐式转换为 `NUMBER` 值的表达式。                                                                                                                                                                                                   |
| interval_unit | 指定间隔单位，可以是 `CHAR`、`VARCHAR2`、`NCHAR` 或 `NVARCHAR2` 数据类型的值，不区分大小写。默认情况下，返回的精度为 `9`。 间隔单位如下： <ul><li> `YEAR` 表示年。   </li><li> `MONTH` 表示月。</li></ul>     |

## 返回类型

返回 `INTERVAL YEAR TO MONTH` 数据类型。

## 示例

* 将 `6 MONTH` 转换为一个 `INTERVAL YEAR TO MONTH` 数据类型的值。

  ```sql
  obclient> SELECT NUMTOYMINTERVAL(6,'MONTH') FROM DUAL;
  +----------------------------+
  | NUMTOYMINTERVAL(6,'MONTH') |
  +----------------------------+
  | +000000000-06              |
  +----------------------------+
  1 row in set
  ```

* 返回当前日期在 6 个月后的日期值。

  ```sql
  obclient> SELECT SYSDATE+NUMTOYMINTERVAL(6,'MONTH') FROM DUAL;
  +------------------------------------+
  | SYSDATE+NUMTOYMINTERVAL(6,'MONTH') |
  +------------------------------------+
  | 07-JUN-22                          |
  +------------------------------------+
  1 row in set
  ```
