# Duplicate data inserted, with Error ORA-00001 reported

This topic describes how to handle Error `ORA-00001`, where duplicate data is inserted into the Oracle mode of OceanBase Database.

## Symptom

When you insert data into the `t_insert` table with a primary key, this error is returned, indicating that a primary key value in the inserted data is duplicate with an existing primary key value.

```sql
obclient [SYS]> INSERT INTO t_insert(id, name, value) VALUES (3,'US', 10003),(4, 'JP', 10004);
ORA-00001: unique constraint '3' for key 'PRIMARY' violated
```

The error codes corresponding to this error message are as follows:

* Error code: ORA-00001

* Error code in OceanBase Database: 5024

* SQLSTATE: 23000

For more information about the error codes, see [Overview of error codes](../../../../700.reference/900.error-code/700.error-code-of-oracle-mode/100.use-error-information-of-oracle-mode.md).

## Possible causes

When you insert data into a table with a `UNIQUE` constraint, the system reports an error when the inserted data is duplicate with an existing record.

## Troubleshooting procedure

You can take either of the following two methods to solve the conflict.

1. Query data in the `t_insert` table to check whether the inserted data is duplicate with the data in the primary key column, and determine whether to retain or change the existing row.

   ```sql
   obclient [SYS]> SELECT * FROM t_insert;
   +----+------+-------+
   | ID | NAME | VALUE |
   +----+------+-------+
   |  1 | CN   | 10001 |
   |  2 | EN   | 10002 |
   |  3 | UK   | 10003 |
   |  4 | JP   | 10004 |
   +----+------+-------+
   4 rows in set
   ```

2. If you want to retain the existing row, execute the following statement to update the row where `id` is `3`.

   ```sql
   obclient [SYS]> UPDATE t_insert SET name = 'US' WHERE id = 3;
   Query OK, 1 row affected
   ```

   <main id="notice" type='explain'>
      <h4>Note</h4>
      <ul>
      <li>You can also use the <code>MERGE INTO</code> statement to avoid unique key conflicts. For more information, see <a href="../../400.write-data-of-oracle-mode/400.replace-data-of-oracle-mode-in-develop.md">Replace data</a>. </li>
      <li>If you do not want to retain the existing row, you can delete the row as needed. For more information, see <a href="../../400.write-data-of-oracle-mode/300.delete-data-of-oracle-mode-in-develop.md">Delete data</a>. </li>
      </ul>
   </main>

3. After the operation is successful, view the data in the `t_insert` table again.

   ```sql
   obclient [SYS]>  SELECT * FROM t_insert;
   +----+------+-------+
   | ID | NAME | VALUE |
   +----+------+-------+
   |  1 | CN   | 10001 |
   |  2 | EN   | 10002 |
   |  3 | US   | 10003 |
   |  4 | JP   | 10004 |
   +----+------+-------+
   4 rows in set
   ```
