|description||
|---|---|
|keywords||
|dir-name||
|dir-name-en||
|tenant-type|Oracle Mode|

# 触发器 

触发器是 OceanBase 数据库中提供的功能，它与存储过程和函数类似，包括声明、执行和异常处理过程的 PL 块，使用 PL 编写的编译存储单元。

触发器是个独立的对象，当某个触发语句执行时自动地隐式运行，而且触发器不能接收参数。这里的触发语句指的是对数据库的表进行的 `INSERT`、`UPDATE` 以及 `DELETE` 操作。

## 触发器的优点 

正确使用触发器可以使应用程序的构建和部署更加简单且健壮。

您可以通过触发器强制所有客户端程序执行底层业务逻辑。例如，多个客户端应用程序都访问某张表，如果这个表上的触发器保证了插入数据需要执行的逻辑，那么这个业务逻辑就不需要在每个客户端都执行，由于应用程序无法绕过触发器，因此会自动使用触发器中的业务逻辑。

请在需要的情况下使用触发器，避免触发器过度使用。过度使用触发器会导致复杂的互相依赖关系，在大型应用程序中会变得难以维护。例如，当触发器被触发时，其中执行的 SQL 语句可能会触发其他的触发器，从而导致级联触发，可能会产生预期之外的结果。

## 触发器类型 

OceanBase 数据库可以创建以下几种类型触发器：

* 行级触发器

  行级触发器创建在实体表上，每次表受到触发语句影响时会触发一个行级触发器。例如，一条语句更新多行数据，每条受影响的数据都会触发一次触发器。如果触发语句不影响任何行数据，则不会运行触发器。
  
* 语句级触发器

  语句级触发器创建在实体表上，每次执行触发语句时都会自动触发一次，无论该触发语句是否影响了表中的任何行数据。例如，一条语句更新了表中的 100 条数据，则语句级 `UPDATE` 触发器仅触发一次。
  
* INSTEAD OF 触发器

  INSTEAD OF 触发器创建在视图上，当对视图执行触发语句时自动触发。INSTEAD OF 触发器可以用来修改无法直接通过 DML 语句修改的视图。

* 组合 DML 触发器

  组合 DML 触发器可以创建于表或视图上，支持在多个时间点触发。组合触发器按照每个时间点分隔成段，每个时间段都包含独立的可执行部分和异常处理部分（可选的）。

## 触发器的触发时机 

您可以定义触发器的触发时机，触发时机是指触发操作在触发语句之前还是之后运行。

行级触发器和语句级触发器可以指定如下触发时机：

* 在触发语句执行之前

* 在每行数据被触发语句修改之前

* 在每行数据被触发语句修改之后

* 在触发语句执行之后

对于语句级和行级触发器来说，BEFORE 触发器可以在对数据进行更改之前增强安全性并执行业务规则。AFTER 触发器非常适合用来记录操作日志。

一个简单的触发器的触发时机有如下四种：

* 在事件执行之前（语句级别的 BEFORE 触发器） 

* 在事件执行之后（语句级别的 AFTER 触发器）

* 在每行被事件执行影响之前（行级的 BEFORE 触发器）

* 在每行被事件执行影响之后（行级的 AFTER 触发器）

触发器的触发顺序如下：

* 同一类型的触发器的执行顺序是不确定的，当前暂不支持指定触发器执行顺序。

* 一个 DML 语句可能会触发多个简单的触发器，触发执行的先后顺序是：语句级 BEFORE 触发器 -\> 行级 BEFORE 触发器 -\> 行级 AFTER 触发器 -\> 语句级 AFTER 触发器。

  <main id="notice" type='notice'>
    <h4>注意</h4>
    <p>OceanBase 数据库 V2.2.7x 版本及以下只支持表上的行级触发器。</p>
  </main>

## 创建触发器 

创建触发器的基本语法结构如下：

```sql
CREATE [OR REPLACE] TRIGGER trigger_name triggering_statement
  [trigger_restriction]
BEGIN
 triggered_action;
END

triggering_statementL:
  {BEFORE | AFTER }
  {INSERT | DELETE | UPDATE [OF column [, column ...]]}
  ON [schema.] table_name 
  [REFERENCING {OLD [AS] old | NEW [AS] new| PARENT as parent}]
  FOR EACH ROW
  [WHEN condition]
  [FOLLOWS | PRECEDES] other_trigger_name
```

一个触发器的基本结构如下：

* 触发器名字（Trigger Name）

  在同一个 Database 下，触发器名字必须是唯一的。例如，触发器名字可能是 row_triggger_on_employees。
  
* 触发语句（Triggering Statement）

  触发语句是导致调用触发器的 SQL 语句。例如，用户更新一个表。
  
* 触发器限制（Trigger Restriction）

  触发器限制是指定义一个布尔表达式，该表达式为真时才能触发触发器。例如，员工表上的触发器定义一个限制，只有家住北京的员工才能触发此触发器。
  
* 触发器动作（Trigger Action）

  触发器动作是指触发语句执行并且触发器限制为真时运行的触发器内部的代码块。例如，在员工表中插入一条数据。
  
### 创建触发器示例 

在表 `emp_msg` 上创建一个触发器，当对表执行 `INSERT`、`UPDATE`、`DELETE` 语句时触发该触发器。

当往 `emp_msg` 表中插入数据时，会同时往 `employees` 中插入一条数据，当删除 `emp_msg` 表中的数据时，会同时删除 `employees` 表中 `id` 相同的数据，当更新 `emp_msg` 表中的数据时，会更新 `employees` 表中 `id` 相同的数据。

```sql
CREATE TABLE employees (id INT, name VARCHAR2(20), WORK_YEAR int);

CREATE TABLE emp_msg (id INT PRIMARY KEY, name VARCHAR2(20), address VARCHAR2(100));

CREATE OR REPLACE TRIGGER tri_emp_msg BEFORE INSERT OR UPDATE OR DELETE ON emp_msg
FOR EACH ROW
BEGIN
  IF INSERTING THEN
    INSERT INTO employees VALUES (:NEW.id, :NEW.name, 0);
  ELSIF DELETING THEN
    DELETE FROM employees WHERE id = :OLD.id;
  ELSE 
    UPDATE employees SET name = :NEW.name WHERE id = :NEW.id;
  END IF;
END;
/
```

创建完触发器后，执行如下示例中的 DML 语句：

```sql
obclient> INSERT INTO emp_msg VALUES (1, 'Curry', 'BeiJing');
Query OK, 1 row affected

obclient> SELECT * FROM emp_msg WHERE id = 1;
+----+-------+---------+
| ID | NAME  | ADDRESS |
+----+-------+---------+
|  1 | Curry | BeiJing |
+----+-------+---------+
1 row in set

obclient> SELECT * FROM  employees WHERE id = 1;
+------+-------+-----------+
| ID   | NAME  | WORK_YEAR |
+------+-------+-----------+
|    1 | Curry |         0 |
+------+-------+-----------+
1 row in set


obclient> UPDATE emp_msg SET name = 'Stephen Curry' WHERE id = 1;
Query OK, 1 row affected 
Rows matched: 1  Changed: 1  Warnings: 0

obclient> SELECT * FROM emp_msg WHERE id = 1;
+----+---------------+---------+
| ID | NAME          | ADDRESS |
+----+---------------+---------+
|  1 | Stephen Curry | BeiJing |
+----+---------------+---------+
1 row in set

obclient> SELECT * FROM  employees WHERE id = 1;
+------+---------------+-----------+
| ID   | NAME          | WORK_YEAR |
+------+---------------+-----------+
|    1 | Stephen Curry |         0 |
+------+---------------+-----------+
1 row in set


obclient> DELETE FROM emp_msg WHERE id = 1;
Query OK, 1 row affected 

obclient> SELECT * FROM emp_msg WHERE id = 1;
Empty set 

obclient> SELECT * FROM  employees WHERE id = 1;
Empty set
```



