| Description   |                 |
|---------------|-----------------|
| keywords      |                 |
| dir-name      |                 |
| dir-name-en   |                 |
| tenant-type   | Oracle Mode     |

# JSON 数据类型的转换规则

如需将字符串类型，例如 `VARCHAR2`、`CLOB`，显示转为 JSON 类型，可以使用 `CAST` 表达式。示例如下：

```shell
obclient> SELECT CAST('{"a":1}' AS JSON) FROM DUAL;
+-----------------------+
| CAST('{"A":1}'ASJSON) |
+-----------------------+
| {"a":1}               |
+-----------------------+
1 row in set

obclient> SELECT CAST('{}' AS JSON) FROM DUAL;
+------------------+
| CAST('{}'ASJSON) |
+------------------+
| {}               |
+------------------+
1 row in set

obclient> SELECT CAST('[1, 2, 3]' AS JSON) FROM DUAL;
+-----------------------+
| CAST('[1,2,3]'ASJSON) |
+-----------------------+
| [1,2,3]               |
+-----------------------+
1 row in set
```

如需将字符串类型当作 JSON 字符串使用，可使用 `TREAT` 表达式，但此表达式不会校验 JSON 语法，并且返回值还是字符串，不是 JSON 类型，由于无法充分使用 JSON 功能，所以不建议使用，仅用于兼容 Oracle 历史行为。示例如下：

```sql
obclient> SELECT TREAT('{"a":1}' AS JSON) FROM DUAL;
+------------------------+
| TREAT('{"A":1}'ASJSON) |
+------------------------+
| {"a": 1}               |
+------------------------+
1 row in set


obclient> SELECT TREAT('{}' AS JSON) FROM DUAL;
+-------------------+
| TREAT('{}'ASJSON) |
+-------------------+
| {}                |
+-------------------+
1 row in set
```

## 隐式转换规则

JSON 类型与 `VARCHAR2`、`CLOB` 和 `BLOB` 类型间存在隐式转换，用 `VARCHAR2`、`CLOB` 和 `BLOB`表示的 JSON 被称为 Textual JSON 或 Serialied JSON，即 JSON 文本。需要注意的是，使用 `BLOB` 存放 JSON 并不表示存放的是 JSON Binary。

- `VARCHAR2`、`CLOB` 和 `BLOB` 类型写入 JSON 列会被隐式转换为 JSON 类型。
- JSON 类型写入 `VARCHAR2`、`CLOB` 和 `BLOB` 列会被隐式转换成对应的数据类型，从 OSON 转换为Textual JSON。

其它类型不会被隐式转换成 JSON 类型。

## 显示转换规则

- 文本类型可通过 JSON 构造函数转换为 JSON 类型。
- JSON 可通过 `JSON_VALUE` 函数指定返回值类型，或使用 `dot notation.item_method()` 转换成其它类型。
