# FLASHBACK TABLE BEFORE DROP

## Purpose

You can use this statement to restore a dropped table from the recycle bin.

  <main id="notice" type='explain'>
    <h4>Note</h4>
    <ul>
    <li>The tables in the recycle bin are not actually dropped and still occupy resources. To permanently drop the tables from the recycle bin, execute the SQL statement <code>PURGE RECYCLEBIN;</code>. </li>
    <li>Dropped tables will be moved to the recycle bin only if the recycle bin is enabled.
    <ul>
    <li>You can execute the SQL statement <code>SHOW VARIABLES LIKE 'recyclebin';</code> to check whether the recycle bin is enabled. </li>
    <li>You can execute the SQL statement <code>SET RECYCLEBIN = ON;</code> to enable the recycle bin. </li>
    </ul>
    </li>
    </ul>
  </main>

## Syntax

```sql
 FLASHBACK TABLE original_name TO BEFORE DROP [RENAME TO database_name.table_name];
```

## Parameters

| Parameter | Description |
|---------------|--------------------------------------------------------------------------------------|
| original_name | The name of the table to be restored.  <br>**Note**: When you restore a table, the indexes on the table are also restored.  |
| RENAME TO | Renames the table and the database to which the table belongs. If `RENAME TO database_name.table_name` is omitted, the table is restored with its original name.  |

## Examples

* Restore the dropped table `tbl1` from the recycle bin.

   ```sql
   obclient> SHOW RECYCLEBIN;
   +-----------------------------------+---------------+-------+------------------------------+
   | OBJECT_NAME                       | ORIGINAL_NAME | TYPE  | CREATETIME                   |
   +-----------------------------------+---------------+-------+------------------------------+
   | RECYCLE_$_100004_1634807168766392 | TBL1          | TABLE | 21-OCT-21 05.06.08.767109 PM |
   | RECYCLE_$_100004_1634807177792816 | TBL2          | TABLE | 21-OCT-21 05.06.17.791967 PM |
   +-----------------------------------+---------------+-------+------------------------------+
   2 rows in set (0.00 sec)

   obclient> FLASHBACK TABLE tbl1 TO BEFORE DROP;
   Query OK, 0 rows affected

   obclient> SELECT * FROM tbl1;
   +------+------+
   | COL1 | COL2 |
   +------+------+
   |    1 |    1 |
   +------+------+
   1 row in set
   ```

* Restore the dropped table `tbl2` from the recycle bin to the `user1` database, and rename the restored table as `tbl_test`.

   ```sql
   obclient> SHOW RECYCLEBIN;
   +-----------------------------------+---------------+-------+------------------------------+
   | OBJECT_NAME                       | ORIGINAL_NAME | TYPE  | CREATETIME                   |
   +-----------------------------------+---------------+-------+------------------------------+
   | RECYCLE_$_100004_1634807168766392 | TBL1          | TABLE | 21-OCT-21 05.06.08.767109 PM |
   | RECYCLE_$_100004_1634807177792816 | TBL2          | TABLE | 21-OCT-21 05.06.17.791967 PM |
   +-----------------------------------+---------------+-------+------------------------------+
   2 rows in set (0.00 sec)

   obclient> FLASHBACK TABLE tbl2 TO BEFORE DROP RENAME TO user1.tbl_test;
   Query OK, 0 rows affected

   obclient> SELECT * FROM user1.tbl_test;
   +------+------+
   | COL1 | COL2 |
   +------+------+
   |    1 |    1 |
   +------+------+
   1 row in set
   ```
