# CAST_TO_NUMBER

The `CAST_TO_NUMBER` function converts a `NUMBER` value in the binary `RAW` representation into a `NUMBER` value.

  <main id="notice" type='explain'>
    <h4>Note</h4>
    <p>Implementation of the <code>NUMBER</code> data type in OceanBase Database differ from that in an Oracle database. The input <code>RAW</code> data in the binary representation must be in the internal <code>NUMBER</code> format of OceanBase Database. </p>
  </main>

<main id="notice" >
  <h4>Applicability</h4>
  <p>This topic applies only to OceanBase Database Enterprise Edition. OceanBase Database Community Edition provides only the MySQL mode. </p>
</main>

## Syntax

```sql
UTL_RAW.CAST_TO_NUMBER (
   r  IN RAW)
 RETURN NUMBER;
```

## Parameters

The parameter `n` indicates the binary representation of the `NUMBER` value.

## Return values

A `NUMBER` value is returned.

## Examples

```sql
obclient> SELECT UTL_RAW.CAST_TO_NUMBER('020000C07B00000000022E1B') FROM DUAL;
+----------------------------------------------------+
| UTL_RAW.CAST_TO_NUMBER('020000C07B00000000022E1B') |
+----------------------------------------------------+
|                                            123.456 |
+----------------------------------------------------+
1 row in set

obclient> SELECT UTL_RAW.CAST_TO_NUMBER('020000407B00000000022E1B') FROM DUAL;
+----------------------------------------------------+
| UTL_RAW.CAST_TO_NUMBER('020000407B00000000022E1B') |
+----------------------------------------------------+
|                                           -123.456 |
+----------------------------------------------------+
1 row in set
```
