# CAST_FROM_NUMBER

The `CAST_FROM_NUMBER` function returns a `NUMBER` value in the binary `RAW` representation.


  <main id="notice" type='explain'>
    <h4>Note</h4>
    <p>Implementation of the <code>NUMBER</code> data type in OceanBase Database differ from that in an Oracle database. The <code>RAW</code> data returned is in the internal <code>NUMBER</code> format of OceanBase Database. </p>
  </main>

<main id="notice" >
  <h4>Applicability</h4>
  <p>This topic applies only to OceanBase Database Enterprise Edition. OceanBase Database Community Edition provides only the MySQL mode. </p>
</main>

## Syntax

```sql
UTL_RAW.CAST_FROM_NUMBER (
   n  IN NUMBER)
 RETURN RAW;
```

## Parameters

The parameter `n` indicates a `NUMBER` value.

## Return values

The binary representation (RAW) of a `NUMBER` value is returned.

## Examples

```sql
obclient> SELECT UTL_RAW.CAST_FROM_NUMBER(123.456) FROM DUAL;
+-----------------------------------+
| UTL_RAW.CAST_FROM_NUMBER(123.456) |
+-----------------------------------+
| 020000C07B00000000022E1B          |
+-----------------------------------+
1 row in set

obclient> SELECT UTL_RAW.CAST_FROM_NUMBER(-123.456) FROM DUAL;
+------------------------------------+
| UTL_RAW.CAST_FROM_NUMBER(-123.456) |
+------------------------------------+
| 020000407B00000000022E1B           |
+------------------------------------+
1 row in set
```
