| Description   |                 |
|---------------|-----------------|
| keywords      |                 |
| dir-name      |                 |
| dir-name-en   |                 |
| tenant-type   | Oracle Mode     |

# AVG

## Purpose

`AVG()` returns the average of input expression values of a numeric data type or a data type that can be converted to a numeric data type. You can use this function as an aggregate or analytic function.
  <main id="notice" type='explain'>
    <h4>Note</h4>
    <ul>
    <li>When you use this function as an analytic function, use the <code>OVER</code> clause to define a window over the data on which the function operates. The function operates on a group of rows to return a list of values. </li>
    <li>When you use this function as an aggregate function, the function operates on a set of rows and returns a single value. You do not need to add the <code>OVER</code> clause. </li>
    </ul>
  </main>

## Syntax

```sql
AVG([ DISTINCT | UNIQUE | ALL ] expr) [ OVER (analytic_clause) ]
```

## Parameters

| Parameter | Description |
|---------------------------|--------------------------------------------------------------------------------------------------------------------------------------------------------------------------------------------------------------------------------------------------------------------------------------------------|
| DISTINCT \| UNIQUE \| ALL | Specifies whether to remove duplicates during the execution of the query. This parameter is optional. Default value: `ALL`.  <ul><li> `ALL`: indicates to accept duplicate values and ignore `NULLs` in the data.    </li><li> `DISTINCT`: indicates to remove duplicates and ignore `NULLs` in the data.    </li><li> `UNIQUE`: indicates to remove duplicates and ignore `NULLs` in the data. </li></ul> |
| expr | The name of the column to be calculated. The column is of a numeric data type or a data type that can be converted to a numeric data type. Supported numeric data types are `NUMBER`, `FLOAT`, `BINARY_FLOAT`, and `BINARY_DOUBLE`.  |
| OVER | You can use the `OVER` clause to define a window over the data on which the function operates. For more information, see [Analytic functions](../400.analysis-functions-of-oracle-mode/100.window-function-description-of-oracle-mode.md).  |

  <main id="notice" type='notice'>
    <h4>Notice</h4>
    <p>If you specify the <code>DISTINCT</code> or <code>UNIQUE</code> keyword, you can specify only <code>analytic_clause</code>. <code>order_by_clause</code> and <code>windowing_clause</code> are not allowed. </p>
  </main>

## Return type

The return type is the same as the data type of `expr`.

## Examples

Create the `tbl1` table and insert test data into the table.

```sql
obclient> CREATE TABLE tbl1 (col1 INT,col2 VARCHAR(10),col3 INT);
Query OK, 0 rows affected

obclient> INSERT INTO tbl1 VALUES (1,'a',5),(1,'b',10),(1,'c',15),
    (2,'d',20),(2,'e',18),(2,'f',12),(3,'a',10),
    (3,'b',15),(4,'c',15),(4,'a',8);
Query OK, 10 rows affected
Records: 10  Duplicates: 0  Warnings: 0

obclient> SELECT * FROM tbl1;
+------+------+------+
| COL1 | COL2 | COL3 |
+------+------+------+
|    1 | a    |    5 |
|    1 | b    |   10 |
|    1 | c    |   15 |
|    2 | d    |   20 |
|    2 | e    |   18 |
|    2 | f    |   12 |
|    3 | a    |   10 |
|    3 | b    |   15 |
|    4 | c    |   15 |
|    4 | a    |    8 |
+------+------+------+
10 rows in set
```

### Example of an aggregate function

Calculate the average of `col3`.

```sql
obclient> SELECT AVG(col3) FROM tbl1;
+-----------+
| AVG(COL3) |
+-----------+
|      12.8 |
+-----------+
1 row in set
```

### Example of an analytic function

Group data by the `col1` column. Sort data by the `col2` column in ascending order. Calculate the average of the values before the median of `col3` and the average of the values after the median.

```sql
obclient> SELECT col1,col2,col3, AVG(col3)
              OVER (PARTITION BY col1 ORDER BY col2 ROWS BETWEEN 1 PRECEDING AND 1 FOLLOWING) AS over_col2
          FROM tbl1
          ORDER BY col1,col2,col3;
+------+------+------+-------------------------------------------+
| COL1 | COL2 | COL3 | OVER_COL2                                 |
+------+------+------+-------------------------------------------+
|    1 | a    |    5 |                                       7.5 |
|    1 | b    |   10 |                                        10 |
|    1 | c    |   15 |                                      12.5 |
|    2 | d    |   20 |                                        19 |
|    2 | e    |   18 | 16.66666666666666666666666666666666666667 |
|    2 | f    |   12 |                                        15 |
|    3 | a    |   10 |                                      12.5 |
|    3 | b    |   15 |                                      12.5 |
|    4 | a    |    8 |                                      11.5 |
|    4 | c    |   15 |                                      11.5 |
+------+------+------+-------------------------------------------+
10 rows in set
```
