| Description   |                 |
|---------------|-----------------|
| keywords      |                 |
| dir-name      |                 |
| dir-name-en   |                 |
| tenant-type   | Oracle Mode     |

# CAST_TO_NUMBER

`CAST_TO_NUMBER` 函数用于将以 `RAW` 二进制形式表示的 `NUMBER` 值转换为 `NUMBER`。 

  <main id="notice" type='explain'>
    <h4>说明</h4>
    <p>对于 <code>NUMBER</code> 类型，OceanBase 数据库与 Oracle 的实现方式不同，输入的 <code>RAW</code> 二进制形式要求是 OceanBase 数据库内部表示的 <code>NUMBER</code> 格式。</p>
  </main>

<main id="notice" >
  <h4>功能适用性</h4>
  <p>该内容仅适用于 OceanBase 数据库企业版。OceanBase 数据库社区版仅提供 MySQL 模式。</p>
</main>

## 语法

```sql
UTL_RAW.CAST_TO_NUMBER (
   r  IN RAW) 
 RETURN NUMBER;
```

## 参数说明

参数 `n` 为 `NUMBER` 的二进制表示形式。

## 返回值

返回 `NUMBER` 值。

## 示例

```sql
obclient> SELECT UTL_RAW.CAST_TO_NUMBER('020000C07B00000000022E1B') FROM DUAL;
+----------------------------------------------------+
| UTL_RAW.CAST_TO_NUMBER('020000C07B00000000022E1B') |
+----------------------------------------------------+
|                                            123.456 |
+----------------------------------------------------+
1 row in set 

obclient> SELECT UTL_RAW.CAST_TO_NUMBER('020000407B00000000022E1B') FROM DUAL;
+----------------------------------------------------+
| UTL_RAW.CAST_TO_NUMBER('020000407B00000000022E1B') |
+----------------------------------------------------+
|                                           -123.456 |
+----------------------------------------------------+
1 row in set
```