| Description   |                 |
|---------------|-----------------|
| keywords      |                 |
| dir-name      |                 |
| dir-name-en   |                 |
| tenant-type   | Oracle Mode     |

# CAST_FROM_NUMBER

`CAST_FROM_NUMBER` 函数用于以 `RAW` 的二进制形式返回 `NUMBER` 值。


  <main id="notice" type='explain'>
    <h4>说明</h4>
    <p>对于 <code>NUMBER</code> 类型，OceanBase 数据库与 Oracle 的实现方式不同，返回的 <code>RAW</code> 是 OceanBase 数据库内部表示的 <code>NUMBER</code> 格式。</p>
  </main>

<main id="notice" >
  <h4>功能适用性</h4>
  <p>该内容仅适用于 OceanBase 数据库企业版。OceanBase 数据库社区版仅提供 MySQL 模式。</p>
</main>

## 语法

```sql
UTL_RAW.CAST_FROM_NUMBER (
   n  IN NUMBER)
 RETURN RAW;
```

## 参数说明

参数 `n` 为 `NUMBER` 值。

## 返回值

返回 `NUMBER` 值的二进制表示形式（RAW）。

## 示例

```sql
obclient> SELECT UTL_RAW.CAST_FROM_NUMBER(123.456) FROM DUAL;
+-----------------------------------+
| UTL_RAW.CAST_FROM_NUMBER(123.456) |
+-----------------------------------+
| 020000C07B00000000022E1B          |
+-----------------------------------+
1 row in set 

obclient> SELECT UTL_RAW.CAST_FROM_NUMBER(-123.456) FROM DUAL;
+------------------------------------+
| UTL_RAW.CAST_FROM_NUMBER(-123.456) |
+------------------------------------+
| 020000407B00000000022E1B           |
+------------------------------------+
1 row in set 
```