|description||
|---|---|
|keywords||
|dir-name||
|dir-name-en||
|tenant-type|MySQL Mode|

# Roll back a transaction to a savepoint

After you mark savepoints for a transaction, you can use the `ROLLBACK TO SAVEPOINT` statement to roll back the transaction to a specified savepoint.

## Prerequisites

Savepoints are marked. For more information, see [Mark a savepoint](../300.transaction-savepoints-of-mysql-mode/100.mark-a-savepoint-of-mysql-mode.md).

## Roll back a transaction to a savepoint

You can use the following statement to roll back a transaction to a savepoint:

```sql
ROLLBACK TO SAVEPOINT pointname;
```

Here, `pointname` specifies the name of the transaction savepoint.

The transaction in the following example contains several DML statements and several savepoints. After the transaction is rolled back to a specific savepoint, only the changes after this savepoint are discarded.

1. View the records in the table.

   ```sql
   obclient [test]> SELECT * FROM ordr;
   +----+------+-------+---------------------+
   | id | name | value | gmt_create          |
   +----+------+-------+---------------------+
   |  1 | CN   | 10001 | 2022-10-19 14:51:12 |
   |  2 | US   | 10002 | 2022-10-19 14:51:12 |
   |  3 | EN   | 10003 | 2022-10-19 14:51:12 |
   |  4 | JP   |  NULL | 2022-10-19 14:51:44 |
   |  5 | CN   |  NULL | 2022-10-19 14:53:56 |
   +----+------+-------+---------------------+
   5 rows in set
   ```

2. Start a transaction and set several savepoints.

   ```sql
   obclient [test]> SET SESSION autocommit=0;
   Query OK, 0 rows affected

   obclient [test]> BEGIN;
   Query OK, 0 rows affected

   obclient [test]> INSERT INTO ordr(id, name) VALUES(6,'FR');
   Query OK, 1 row affected

   obclient [test]> SAVEPOINT fr;
   Query OK, 0 rows affected

   obclient [test]> INSERT INTO ordr(id, name) VALUES(7,'RU');
   Query OK, 1 row affected

   obclient [test]>  SAVEPOINT ru;
   Query OK, 0 rows affected

   obclient [test]> INSERT INTO ordr(id, name) VALUES(8,'CA');
   Query OK, 1 row affected

   obclient [test]> SAVEPOINT ca;
   Query OK, 0 rows affected
   ```

3. View the uncommitted changes in the transaction of the current session.

   ```sql
   obclient [test]> SELECT * FROM ordr;
   +----+------+-------+---------------------+
   | id | name | value | gmt_create          |
   +----+------+-------+---------------------+
   |  1 | CN   | 10001 | 2022-10-19 14:51:12 |
   |  2 | US   | 10002 | 2022-10-19 14:51:12 |
   |  3 | EN   |  1003 | 2022-10-19 14:51:12 |
   |  4 | JP   |  NULL | 2022-10-19 14:51:44 |
   |  5 | CN   |  NULL | 2022-10-19 14:53:56 |
   |  6 | FR   |  NULL | 2022-10-19 15:01:39 |
   |  7 | RU   |  NULL | 2022-10-19 15:01:50 |
   |  8 | CA   |  NULL | 2022-10-19 15:02:15 |
   +----+------+-------+---------------------+
   8 rows in set
   ```

4. Roll back the transaction to the savepoint `ru`.

   ```sql
   obclient [test]> ROLLBACK TO SAVEPOINT ru;
   Query OK, 0 rows affected

   obclient [test]> SELECT * FROM ordr;
   +----+------+-------+---------------------+
   | id | name | value | gmt_create          |
   +----+------+-------+---------------------+
   |  1 | CN   | 10001 | 2022-10-19 14:51:12 |
   |  2 | US   | 10002 | 2022-10-19 14:51:12 |
   |  3 | EN   |  1003 | 2022-10-19 14:51:12 |
   |  4 | JP   |  NULL | 2022-10-19 14:51:44 |
   |  5 | CN   |  NULL | 2022-10-19 14:53:56 |
   |  6 | FR   |  NULL | 2022-10-19 15:01:39 |
   |  7 | RU   |  NULL | 2022-10-19 15:01:50 |
   +----+------+-------+---------------------+
   7 rows in set
   ```

   The query result shows that the record `(8,'CA')` is inserted after the savepoint `ru`. Therefore, this change is discarded after the rollback.

5. Commit the transaction and make sure that the latest changes of the table include those made before the savepoint `ru`.

   ```sql
   obclient [test]> COMMIT;
   Query OK, 0 rows affected

   obclient [test]> SELECT * FROM ordr;
   +----+------+-------+---------------------+
   | id | name | value | gmt_create          |
   +----+------+-------+---------------------+
   |  1 | CN   | 10001 | 2022-10-19 14:51:12 |
   |  2 | US   | 10002 | 2022-10-19 14:51:12 |
   |  3 | EN   |  1003 | 2022-10-19 14:51:12 |
   |  4 | JP   |  NULL | 2022-10-19 14:51:44 |
   |  5 | CN   |  NULL | 2022-10-19 14:53:56 |
   |  6 | FR   |  NULL | 2022-10-19 15:01:39 |
   |  7 | RU   |  NULL | 2022-10-19 15:01:50 |
   +----+------+-------+---------------------+
   7 rows in set


For more information about transaction rollback, see [Roll back a transaction](../500.roll-back-transactions-of-mysql-mode.md).

## References

* [Mark a savepoint](../300.transaction-savepoints-of-mysql-mode/100.mark-a-savepoint-of-mysql-mode.md)

* [Release a savepoint](../300.transaction-savepoints-of-mysql-mode/300.release-a-savepoint-of-mysql-mode.md)
