| Description   |                 |
|---------------|-----------------|
| keywords      |                 |
| dir-name      |                 |
| dir-name-en   |                 |
| tenant-type   | MySQL Mode      |

# CREATE RESTORE POINT

## 描述

该语句用来创建还原点（Restore Point）。使用该功能可以保留当前时刻的数据快照，并在之后指定在这个数据快照上进行查询。目前还不支持将数据回滚到该还原点。

创建还原点后，可以在 `V$RESTORE_POINT` 视图中查询到该还原点的 `SNAPSHOT` 值，然后通过 `SELECT * FROM table_name AS OF SNAPSHOT snapshot;` 查询数据快照中的值。

<main id="notice" type='notice'>
  <h4>注意</h4>
  <p><ul><li>V4.x 版本暂不支持 CREATE RESTORE POINT 语句。</li><li>系统租户不支持创建和删除还原点。</li></ul></p>
</main>

## 使用限制及注意事项

Restore Point 功能的使用限制如下：

* 不支持物理备份。

* 不支持主备库。

* 每个租户限制 `10` 个 Restore Point。

* 创建 Restore Point 后，如果对创建 Restore Point 前就存在的表执行 DDL 语句，系统会报错。

* 由于 Restore Point 功能依赖 GTS 维护全局的一致性快照，故在使用 Restore Point 时，需要开启 GTS。

  开启 GTS 的 SQL 命令如下。

  ```sql
  obclient> SET GLOBAL ob_timestamp_service='GTS';
  ```

## 语法

```sql
CREATE RESTORE POINT restore_point;
```

## 参数解释

|      参数       |    描述    |
|---------------|----------|
| restore_point | 指定还原点名称。 |

## 示例

1. 创建一个表 `test1`。

   ```sql
   obclient> CREATE TABLE test1 (c1 INT,c2 INT);
   ```

2. 插入一行数据。

   ```sql
   obclient> INSERT INTO test1(c1,c2) values (1,1);
   ```

3. 创建一个还原点 `rp1`。

   ```sql
   obclient> CREATE RESTORE POINT rp1;
   ```

4. 向表 `test1` 中再插入一些数据并提交。

   ```sql
   obclient> INSERT INTO test1(c1,c2) values (2, 2),(3,3);
   obclient> commit;
   ```

5. 查询表 `test1` 当前版本的数据。

   ```sql
   obclient> SELECT * FROM test1;
   +------+------+
   | c1   | c2   |
   +------+------+
   |    1 |    1 |
   |    2 |    2 |
   |    3 |    3 |
   +------+------+
   3 rows in set
   ```

6. 查看创建的还原点 `rp1` 的信息，并根据版本号查看历史版本的数据。

   ```sql
   obclient> SELECT * FROM V$RESTORE_POINT;
   ```

   返回结果如下：

   ```shell
   +-----------+------------------+----------------------------+------+
   | TENANT_ID | SNAPSHOT         | TIME                       | NAME |
   +-----------+------------------+----------------------------+------+
   |      1001 | 1630407064663511 | 2021-08-31 18:51:04.665692 | rp1  |
   +-----------+------------------+----------------------------+------+
   1 row in set

   obclient> SELECT * FROM test1 AS OF SNAPSHOT 1630407064663511;
   +------+------+
   | c1   | c2   |
   +------+------+
   |    1 |    1 |
   +------+------+
   1 row in set
   ```
