| Description   |                 |
|---------------|-----------------|
| keywords      |                 |
| dir-name      |                 |
| dir-name-en   |                 |
| tenant-type   | Oracle Mode     |

# 简单查询

简单查询是指从 OceanBase 数据库的一个或多个选择列表或视图中检索一个或多个列数据，列的数量以及它们的数据类型和长度由选择列表的元素确定。而选择列表指的是 SELECT 关键字之后和 FROM 子句之前的表达式列表。

如果两个或多个表有一些共同的列名，则必须用表名限定列名。您可以使用列别名 `col_alias` 来标记紧接在选择列表之前的表达式。别名可以在 `ORDER BY` 子句中使用，但不能在查询中的其他子句中使用。

## 语法

简单查询的 `SELECT` 语法如下：

```sql
SELECT 列名1,列名2,列名3,... FROM 表;
```

其中表名、字段名和关键字 `SELECT` 和 `FROM` 不区分大小写。查询的最后可以跟上分号（;），多条 SQL 可以同时执行。您可以在 `SELECT` 语句中使用注释将指令或 Hint 传递给 OceanBase 数据库优化器。优化器使用 Hint 为语句选择执行计划。有关 Hint 的更多信息，请参见 [Hint](../300.basic-elements-of-oracle-mode/600.annotation-of-oracle-mode/400.hint-of-oracle-mode/100.hint-overview-of-oracle-mode.md)。

## 示例

创建一张员工表 `employee`，并向列 `employee_id`、`first_name`、`last_name`、`manager_id` 和 `salary` 插入数据。

```sql
CREATE TABLE employee (
employee_id INT,
first_name VARCHAR(50),
last_name VARCHAR(50),
manager_id INT,
salary NUMERIC
);
INSERT INTO employee VALUES(111, 'DEL', 'FA BEN', 1, 1500);
INSERT INTO employee VALUES(112, 'AXEL', 'BELL', 1, 1000);
INSERT INTO employee VALUES(113, 'CRIS',  'RACHAR', 1, 1000);
INSERT INTO employee VALUES(114, 'BlAIR',  'WALDORF', 1, 800);
```

* 查询表中部分列

     ```sql
     obclient> SELECT first_name, last_name, salary FROM employee;
     +------------+-----------+--------+
     | FIRST_NAME | LAST_NAME | SALARY |
     +------------+-----------+--------+
     | DEL        | FA BEN    |   1500 |
     | AXEL       | BELL      |   1000 |
     | CRIS       | RACHAR    |   1000 |
     | BlAIR      | WALDORF   |    800 |
     +------------+-----------+--------+
     4 rows in set
     ```

* 查询表中所有列

     ```sql
     obclient> SELECT * FROM employee;
     +-------------+------------+-----------+------------+--------+
     | EMPLOYEE_ID | FIRST_NAME | LAST_NAME | MANAGER_ID | SALARY |
     +-------------+------------+-----------+------------+--------+
     |         111 | DEL        | FA BEN    |          1 |   1500 |
     |         112 | AXEL       | BELL      |          1 |   1000 |
     |         113 | CRIS       | RACHAR    |          1 |   1000 |
     |         114 | BlAIR      | WALDORF   |          1 |    800 |
     +-------------+------------+-----------+------------+--------+
     4 rows in set
     ```

* 对表中的列进行数学运算

     ```sql
     obclient> SELECT salary+100 FROM employee;
     +------------+
     | SALARY+100 |
     +------------+
     |       1600 |
     |       1100 |
     |       1100 |
     |        900 |
     +------------+
     4 rows in set
     ```

* 给表中的列取别名

     ```sql
     obclient> SELECT salary*12 年薪 FROM employee;
     +--------+
     | 年薪   |
     +--------+
     |  18000 |
     |  12000 |
     |  12000 |
     |   9600 |
     +--------+
     4 rows in set
     ```

* 将表中数据进行字符串拼接

     ```sql
     obclient> SELECT first_name || '-' || last_name  AS 姓名 FROM employee;
     +---------------+
     | 姓名          |
     +---------------+
     | DEL-FA BEN    |
     | AXEL-BELL     |
     | CRIS-RACHAR   |
     | BlAIR-WALDORF |
     +---------------+
     4 rows in set
     ```

* 将表中的数据去重

     ```sql
     obclient> SELECT DISTINCT MANAGER_ID FROM employee;
     +------------+
     | MANAGER_ID |
     +------------+
     |          1 |
     +------------+
     1 row in set
     ```

* 使用 `CASE WHEN` 语句查询表中的数据

     ```sql
     obclient> SELECT salary, CASE WHEN salary >= 1200 then '高薪' WHEN salary >= 1000 THEN '一般'
          ELSE '继续努力' END AS type FROM employee;
     +--------+--------------+
     | SALARY | TYPE         |
     +--------+--------------+
     |   1500 | 高薪         |
     |   1000 | 一般         |
     |   1000 | 一般         |
     |    800 | 继续努力     |
     +--------+--------------+
     4 rows in set
     ```
