|description||
|---|---|
|keywords||
|dir-name||
|dir-name-en||
|tenant-type|Oracle Mode|

# SQL 基础操作（Oracle 模式）

本节主要介绍 OceanBase 数据库 Oracle 模式下的一些 SQL 基本操作。

  <main id="notice" >
    <h4>功能适用性</h4>
    <p>该内容仅适用于 OceanBase 数据库企业版。OceanBase 数据库社区版仅提供 MySQL 模式。</p>
  </main>

## 表操作

本节主要提供数据库中表的创建、查看、修改和删除的语法和示例。

### 创建表

使用 `CREATE TABLE` 语句在数据库中创建新表。

示例：创建表 `test`。

```sql
obclient> CREATE TABLE test (c1 INT PRIMARY KEY, c2 VARCHAR(3));
Query OK, 0 rows affected
```

更多 `CREATE TABLE` 语句相关的语法说明，请参见 [CREATE TABLE](../../700.reference/500.sql-reference/100.sql-syntax/300.common-tenant-of-oracle-mode/900.sql-statement-of-oracle-mode/100.ddl-of-oracle-mode/2400.create-table-of-oracle-mode.md) 章节。

### 修改表

使用 `ALTER TABLE` 语句来修改已存在的表的结构，包括修改表及表属性、新增列、修改列及属性、删除列等。

示例：

* 修改表 `test` 的字段 `c2` 的字段类型。

  ```sql
  obclient> DESCRIBE test;
  +-------+-------------+------+-----+---------+-------+
  | FIELD | TYPE        | NULL | KEY | DEFAULT | EXTRA |
  +-------+-------------+------+-----+---------+-------+
  | C1    | NUMBER(38)  | NO   | PRI | NULL    | NULL  |
  | C2    | VARCHAR2(3) | YES  | NULL| NULL    | NULL  |
  +-------+-------------+------+-----+---------+-------+
  2 rows in set

  obclient> ALTER TABLE test MODIFY c2 CHAR(10);
  Query OK, 0 rows affected

  obclient> DESCRIBE test;
  +-------+------------+------+-----+---------+-------+
  | FIELD | TYPE       | NULL | KEY | DEFAULT | EXTRA |
  +-------+------------+------+-----+---------+-------+
  | C1    | NUMBER(38) | NO   | PRI | NULL    | NULL  |
  | C2    | CHAR(10)   | YES  | NULL| NULL    | NULL  |
  +-------+------------+------+-----+---------+-------+
  2 rows in set
  ```

* 在表 `test` 中增加、删除列。

  ```sql
  obclient> ALTER TABLE test ADD c3 int;
  Query OK, 0 rows affected

  obclient> DESCRIBE test;
  +-------+------------+------+-----+---------+-------+
  | FIELD | TYPE       | NULL | KEY | DEFAULT | EXTRA |
  +-------+------------+------+-----+---------+-------+
  | C1    | NUMBER(38) | NO   | PRI | NULL    | NULL  |
  | C2    | CHAR(10)   | YES  | NULL | NULL    | NULL  |
  | C3    | NUMBER(38) | YES  | NULL | NULL    | NULL  |
  +-------+------------+------+-----+---------+-------+
  3 rows in set

  obclient> ALTER TABLE test DROP COLUMN c3;
  Query OK, 0 rows affected

  obclient> DESCRIBE test;
  +-------+------------+------+-----+---------+-------+
  | FIELD | TYPE       | NULL | KEY | DEFAULT | EXTRA |
  +-------+------------+------+-----+---------+-------+
  | C1    | NUMBER(38) | NO   | PRI | NULL    | NULL  |
  | C2    | CHAR(10)   | YES  | NULL | NULL    | NULL  |
  +-------+------------+------+-----+---------+-------+
  2 rows in set
  ```

更多 `ALTER TABLE` 语句相关的语法说明，请参见 [ALTER TABLE](../../700.reference/500.sql-reference/100.sql-syntax/300.common-tenant-of-oracle-mode/900.sql-statement-of-oracle-mode/100.ddl-of-oracle-mode/1000.alter-table-of-oracle-mode.md) 章节。

### 删除表

使用 `DROP TABLE` 语句删除表。

示例：删除表 `test`。

```sql
obclient> DROP TABLE test;
Query OK, 0 rows affected
```

更多 `DROP TABLE` 语句相关的语法说明，请参见 [DROP TABLE](../../700.reference/500.sql-reference/100.sql-syntax/300.common-tenant-of-oracle-mode/900.sql-statement-of-oracle-mode/100.ddl-of-oracle-mode/3900.drop-table-of-oracle-mode.md) 章节。

## 索引操作

索引是创建在表上并对数据库表中一列或多列的值进行排序的一种结构。其作用主要在于提高查询的速度，降低数据库系统的性能开销。

### 创建索引

使用 `CREATE INDEX` 语句创建表的索引。

示例：创建表 `test` 的索引。

```sql
obclient> DESCRIBE test;
+-------+------------+------+-----+---------+-------+
| FIELD | TYPE       | NULL | KEY | DEFAULT | EXTRA |
+-------+------------+------+-----+---------+-------+
| C1    | NUMBER(38) | NO   | PRI | NULL    | NULL  |
| C2    | CHAR(10)   | YES  | NULL | NULL    | NULL  |
+-------+------------+------+-----+---------+-------+
2 rows in set 

obclient> CREATE INDEX test_index ON test (c1, c2);
Query OK, 0 rows affected
```

更多 `CREATE INDEX` 语句相关的语法说明，请参见 [CREATE INDEX](../../700.reference/500.sql-reference/100.sql-syntax/300.common-tenant-of-oracle-mode/900.sql-statement-of-oracle-mode/100.ddl-of-oracle-mode/1600.create-index-of-oracle-mode.md) 章节。

### 查看索引

* 通过视图 `ALL_INDEXES` 查看表的所有索引。

  ```sql
  obclient> SELECT OWNER,INDEX_NAME,INDEX_TYPE,TABLE_OWNER,TABLE_NAME FROM ALL_INDEXES WHERE table_name='TEST'\G
  *************************** 1. row ***************************
                    OWNER: SYS
              INDEX_NAME: TEST_OBPK_1664353339491130
              INDEX_TYPE: NORMAL
              TABLE_OWNER: SYS
              TABLE_NAME: TEST
  *************************** 2. row ***************************
                    OWNER: SYS
              INDEX_NAME: TEST_INDEX
              INDEX_TYPE: NORMAL
              TABLE_OWNER: SYS
              TABLE_NAME: TEST
  2 rows in set
  ```

* 通过 `USER_IND_COLUMNS` 查看表索引的详细信息。

  ```sql
  obclient> SELECT * FROM USER_IND_COLUMNS WHERE table_name='TEST'\G
  *************************** 1. row ***************************
          INDEX_NAME: TEST_OBPK_1664353339491130
          TABLE_NAME: TEST
        COLUMN_NAME: C1
    COLUMN_POSITION: 1
      COLUMN_LENGTH: 22
        CHAR_LENGTH: 0
            DESCEND: ASC
  COLLATED_COLUMN_ID: NULL
  *************************** 2. row ***************************
          INDEX_NAME: TEST_INDEX
          TABLE_NAME: TEST
        COLUMN_NAME: C1
    COLUMN_POSITION: 1
      COLUMN_LENGTH: 22
        CHAR_LENGTH: 0
            DESCEND: ASC
  COLLATED_COLUMN_ID: NULL
  *************************** 3. row ***************************
          INDEX_NAME: TEST_INDEX
          TABLE_NAME: TEST
        COLUMN_NAME: C2
    COLUMN_POSITION: 2
      COLUMN_LENGTH: 10
        CHAR_LENGTH: 10
            DESCEND: ASC
  COLLATED_COLUMN_ID: NULL
  3 rows in set
  ```

### 删除索引

使用 `DROP INDEX` 语句删除表的索引。

示例：删除索引 `test_index`。

```sql
obclient> DROP INDEX test_index;
Query OK, 0 rows affected
```

更多 `DROP INDEX` 语句相关的语法说明，请参见 [DROP INDEX](../../700.reference/500.sql-reference/100.sql-syntax/300.common-tenant-of-oracle-mode/900.sql-statement-of-oracle-mode/100.ddl-of-oracle-mode/3200.drop-index-of-oracle-mode.md) 章节。

## 插入数据

使用 `INSERT` 语句添加一个或多个记录到表中。

示例：

* 通过 `CREATE TABLE` 创建表 `t1`，并向表 `t1` 中插入一行数据。

  ```sql
  obclient> CREATE TABLE t1(c1 INT PRIMARY KEY, c2 INT);
  Query OK, 0 rows affected

  obclient> SELECT * FROM t1;
  Empty set

  obclient> INSERT INTO t1 VALUES(1,1);
  Query OK, 1 row affected

  obclient> SELECT * FROM t1;
  +----+------+
  | c1 | c2   |
  +----+------+
  |  1 |    1 |
  +----+------+
  1 row in set
  ```

* 直接向子查询中插入数据。

  ```sql
  obclient> INSERT INTO (SELECT * FROM t1) VALUES(2,2);
  Query OK, 1 row affected

  obclient> SELECT * FROM t1;
  +----+------+
  | C1 | C2   |
  +----+------+
  |  1 |    1 |
  |  2 |    2 |
  +----+------+
  2 rows in set
  ```

* 包含 `RETURNING` 子句的数据插入。

  ```sql
  obclient> INSERT INTO t1 VALUES(3,3) RETURNING c1;
  +----+
  | C1 |
  +----+
  |  3 |
  +----+
  1 row in set

  obclient> SELECT * FROM t1;
  +----+------+
  | C1 | C2   |
  +----+------+
  |  1 |    1 |
  |  2 |    2 |
  |  3 |    3 |
  +----+------+
  3 rows in set
  ```

更多 `INSERT` 语句相关的语法，请参见 [INSERT](../../700.reference/500.sql-reference/100.sql-syntax/300.common-tenant-of-oracle-mode/900.sql-statement-of-oracle-mode/200.dml-of-oracle-mode/200.insert-of-oracle-mode.md) 章节。

## 删除数据

使用 `DELETE` 语句删除数据。

示例：删除表 `t1` 中 `c1=2` 的行。

```sql
obclient> DELETE FROM t1 WHERE c1 = 2;
Query OK, 1 row affected

obclient> SELECT * FROM t1;
+----+------+
| C1 | C2   |
+----+------+
|  1 |    1 |
|  3 |    3 |
+----+------+
2 rows in set
```

更多 `DELETE` 语句相关的语法说明，请参见 [DELETE](../../700.reference/500.sql-reference/100.sql-syntax/300.common-tenant-of-oracle-mode/900.sql-statement-of-oracle-mode/200.dml-of-oracle-mode/100.delete-of-oracle-mode.md) 章节。

## 更新数据

使用 `UPDATE` 语句修改表中的字段值。

示例:

* 将表 `t1` 中 `t1.c1=1` 对应的那一行数据的 `c2` 列值修改为 `100`。

  ```sql
  obclient> UPDATE t1 SET t1.c2 = 100 WHERE t1.c1 = 1;
  Query OK, 1 row affected
  Rows matched: 1  Changed: 1  Warnings: 0

  obclient> SELECT * FROM t1;
  +----+------+
  | C1 | C2   |
  +----+------+
  |  1 |  100 |
  |  3 |    3 |
  +----+------+
  2 rows in set
  ```

* 直接操作子查询，将子查询中 `v.c1=3` 对应的那一行数据的 `c2` 列值修改为 `300`。

  ```sql
  obclient> UPDATE (SELECT * FROM t1) v SET v.c2 = 300 WHERE v.c1 = 3;
  Query OK, 1 row affected
  Rows matched: 1  Changed: 1  Warnings: 0

  obclient> SELECT * FROM t1;
  +----+------+
  | C1 | C2   |
  +----+------+
  |  1 |  100 |
  |  3 |  300 |
  +----+------+
  2 rows in set
  ```

更多 `UPDATE` 语句相关的语法，请参见 [UPDATE](../../700.reference/500.sql-reference/100.sql-syntax/300.common-tenant-of-oracle-mode/900.sql-statement-of-oracle-mode/200.dml-of-oracle-mode/600.update-of-oracle-mode.md) 章节。

## 查询数据

使用 `SELECT` 语句查询表中的内容。

示例：

* 通过 `CREATE TABLE` 创建表 `t2`。从表 `t2` 中读取 `name` 的数据。

  ```sql
  obclient> CREATE TABLE t2 (id INT, name VARCHAR(50), num INT);
  Query OK, 0 rows affected

  obclient> INSERT INTO t2 VALUES(1,'a',100),(2,'b',200),(3,'a',50);
  Query OK, 3 rows affected
  Records: 3  Duplicates: 0  Warnings: 0

  obclient> SELECT * FROM t2;
  +------+------+------+
  | ID   | NAME | NUM  |
  +------+------+------+
  |    1 | a    |  100 |
  |    2 | b    |  200 |
  |    3 | a    |   50 |
  +------+------+------+
  3 rows in set

  obclient> SELECT name FROM t2;
  +------+
  | NAME |
  +------+
  | a    |
  | b    |
  | a    |
  +------+
  3 rows in set
  ```

* 在查询结果中对 `name` 进行去重处理。

  ```sql
  obclient> SELECT DISTINCT name FROM t2;
  +------+
  | NAME |
  +------+
  | a    |
  | b    |
  +------+
  2 rows in set
  ```

* 从表 `t2` 中根据筛选条件 `name = 'a'`，输出对应的 `id` 、`name` 和 `num`。

  ```sql
  obclient> SELECT id, name, num FROM t2 WHERE name = 'a';
  +------+------+------+
  | ID   | NAME | NUM  |
  +------+------+------+
  |    1 | a    |  100 |
  |    3 | a    |   50 |
  +------+------+------+
  2 rows in set
  ```

更多 `SELECT` 语句相关的语法说明，请参见 [SELECT](../../700.reference/500.sql-reference/100.sql-syntax/300.common-tenant-of-oracle-mode/900.sql-statement-of-oracle-mode/200.dml-of-oracle-mode/500.select-of-oracle-mode/100.simple-select-of-oracle-mode.md) 章节。

## 提交事务

使用 `COMMIT` 语句提交事务。

在您提交事务之前，您的修改只对当前会话可见，对其他数据库会话是不可见的；您的修改没有持久化，可以用 `ROLLBACK` 语句撤销修改。

在您提交事务之后，您的修改对所有数据库会话可见。您的修改结果持久化成功，不可以用 `ROLLBACK` 语句回滚修改。

示例：通过 `CREATE TABLE` 创建表 `t_insert`。使用 `COMMIT` 语句提交事务。

```sql
obclient> CREATE TABLE t_insert(
     id number NOT NULL PRIMARY KEY, 
     name varchar(10) NOT NULL, 
     value number NOT NULL, 
     gmt_create date NOT NULL DEFAULT sysdate
 );
Query OK, 0 rows affected

obclient> INSERT INTO t_insert(id, name, value, gmt_create) VALUES(1,'CN',10001, sysdate),(2,'US',10002, sysdate),(3,'EN',10003, sysdate);
Query OK, 3 rows affected
Records: 3  Duplicates: 0  Warnings: 0

obclient> SELECT * FROM t_insert;
+----+------+-------+------------+
| ID | NAME | VALUE | GMT_CREATE |
+----+------+-------+------------+
|  1 | CN   | 10001 | 22-AUG-22  |
|  2 | US   | 10002 | 22-AUG-22  |
|  3 | EN   | 10003 | 22-AUG-22  |
+----+------+-------+------------+
3 rows in set

obclient> INSERT INTO t_insert(id, name, value) VALUES(4,'JP',10004);
Query OK, 1 row affected

obclient> COMMIT;
Query OK, 0 rows affected

obclient> exit;
Bye

obclient> obclient -h127.0.0.1 -us**@oracle -P2881 -p******

obclient> SELECT * FROM t_insert;
+----+------+-------+------------+
| ID | NAME | VALUE | GMT_CREATE |
+----+------+-------+------------+
|  1 | CN   | 10001 | 22-AUG-22  |
|  2 | US   | 10002 | 22-AUG-22  |
|  3 | EN   | 10003 | 22-AUG-22  |
|  4 | JP   | 10004 | 22-AUG-22  |
+----+------+-------+------------+
4 rows in set
```

更多事务控制语句相关的说明，请参见 [事务管理概述](../../300.develop/200.application-development-of-oracle-mode/600.transaction-in-develop-of-oracle-mode/100.transaction-management-overview-of-oracle-mode.md)。

## 回滚事务

使用 `ROLLBACK` 语句可以回滚事务。

回滚一个事务指将事务的修改全部撤销。可以回滚当前整个未提交的事务，也可以回滚到事务中任意一个保存点。如果要回滚到某个保存点，必须结合使用 `ROLLBACK`和 `TO SAVEPOINT` 语句。

其中：

* 如果回滚整个事务，则：
  * 事务会结束
  * 所有的修改会被丢弃
  * 清除所有保存点
  * 释放事务持有的所有锁

* 如果回滚到某个保存点，则：
  * 事务不会结束
  * 保存点之前的修改被保留，保存点之后的修改被丢弃
  * 清除保存点之后的保存点（不包括保存点自身）
  * 释放保存点之后事务持有的所有锁

示例：回滚事务的全部修改。

```sql
obclient> SELECT * FROM t_insert;
+----+------+-------+------------+
| ID | NAME | VALUE | GMT_CREATE |
+----+------+-------+------------+
|  1 | CN   | 10001 | 29-SEP-22  |
|  2 | US   | 10002 | 29-SEP-22  |
|  3 | EN   | 10003 | 29-SEP-22  |
|  4 | JP   | 10004 | 29-SEP-22  |
+----+------+-------+------------+
4 rows in set

obclient> INSERT INTO t_insert(id, name, value) VALUES(5,'FR',10005),(6,'RU',10006);
Query OK, 3 rows affected
Records: 3  Duplicates: 0  Warnings: 0

obclient> SELECT * FROM t_insert;
+----+------+-------+------------+
| ID | NAME | VALUE | GMT_CREATE |
+----+------+-------+------------+
|  1 | CN   | 10001 | 22-AUG-22  |
|  2 | US   | 10002 | 22-AUG-22  |
|  3 | EN   | 10003 | 22-AUG-22  |
|  4 | JP   | 10004 | 22-AUG-22  |
|  5 | FR   | 10005 | 22-AUG-22  |
|  6 | RU   | 10006 | 22-AUG-22  |
+----+------+-------+------------+
6 rows in set

obclient> ROLLBACK;
Query OK, 0 rows affected

obclient> SELECT * FROM t_insert;
+----+------+-------+------------+
| ID | NAME | VALUE | GMT_CREATE |
+----+------+-------+------------+
|  1 | CN   | 10001 | 29-SEP-22  |
|  2 | US   | 10002 | 29-SEP-22  |
|  3 | EN   | 10003 | 29-SEP-22  |
|  4 | JP   | 10004 | 29-SEP-22  |
+----+------+-------+------------+
3 rows in set
```

更多事务控制语句相关的说明，请参见 [事务管理概述](../../300.develop/200.application-development-of-oracle-mode/600.transaction-in-develop-of-oracle-mode/100.transaction-management-overview-of-oracle-mode.md)。
