| Description   |                 |
|---------------|-----------------|
| keywords      |                 |
| dir-name      |                 |
| dir-name-en   |                 |
| tenant-type   | Oracle Mode     |

# LAST_VALUE

## 描述

该函数是一个分析函数，用于返回一组有序值中的最后一个值。如果集合中的最后一个值为 `NULL`，则该函数将返回 `NULL`，除非您指定 `IGNORE NULLS`，此设置对数据致密化很有用。

## 语法

```sql
LAST_VALUE { (expr) [{RESPECT | IGNORE} NULLS ]
            | (expr [{RESPECT | IGNORE} NULLS ])
            }
OVER (analytic_clause)
```

## 参数解释

|            参数             |                                                                                                          说明                                                                                                           |
|---------------------------|-----------------------------------------------------------------------------------------------------------------------------------------------------------------------------------------------------------------------|
| expr                      | 指定序列。 <br>**注意**  不能将 `LAST_VALUE` 或其他分析函数用于 `expr` 来嵌套分析函数。                                                                                                                              |
| {RESPECT \| IGNORE} NULLS | 表示是否忽略 `NULL` 值，为可选项。默认值为 `RESPECT NULLS`。 <ul><li> `RESPECT  NULLS` 表示不忽略 `NULL` 值。   </li><li> `IGNORE NULLS` 表示忽略 `NULL` 值。</li></ul>    |
| OVER                      | 使用 `OVER` 子句定义窗口进行计算。详细信息请参见 [分析函数说明](../400.analysis-functions-of-oracle-mode/100.window-function-description-of-oracle-mode.md)。                                                                                                                               |

## 返回类型

返回值与 `expr` 的数据类型相同或返回 `NULL`。

## 示例

现有已创建的表 `emp_msg`。将 `emp_msg` 表中的数据按列 `sal` 升序排序，返回列 `MGR` 最后一个非空值作为 `last_MGR` 列。

```sql
obclient> SELECT * FROM emp_msg;
+--------+--------+------+------+
| DEPTNO | ENAME  | SAL  | MGR  |
+--------+--------+------+------+
|     10 | CLARK  | 2750 | 7839 |
|     10 | KING   | 5300 | NULL |
|     10 | MILLER | 1600 | 7782 |
|     20 | ADAMS  | 1400 | 7788 |
|     20 | FORD   | 3300 | 7566 |
|     20 | JONES  | 3275 | 7839 |
|     20 | SCOTT  | 3300 | 7566 |
|     20 | SMITH  | 1100 | 7902 |
|     30 | ALLEN  | 1900 | 7698 |
|     30 | BLAKE  | 3150 | 7839 |
|     30 | JAMES  | 1250 | 7698 |
|     30 | MARTIN | 1550 | 7698 |
|     30 | TURNER | 1800 | 7698 |
|     30 | WARD   | 1550 | 7698 |
|     30 | SCLARK | 1750 | 7839 |
+--------+--------+------+------+
15 rows in set

obclient> SELECT deptno,ename,sal,MGR,
            LAST_VALUE ( MGR ) IGNORE NULLS OVER (ORDER BY sal ROWS BETWEEN UNBOUNDED PRECEDING AND UNBOUNDED FOLLOWING ) AS last_MGR
    FROM emp_msg;
+--------+--------+------+------+----------+
| DEPTNO | ENAME  | SAL  | MGR  | LAST_MGR |
+--------+--------+------+------+----------+
|     20 | SMITH  | 1100 | 7902 | 7566     |
|     30 | JAMES  | 1250 | 7698 | 7566     |
|     20 | ADAMS  | 1400 | 7788 | 7566     |
|     30 | MARTIN | 1550 | 7698 | 7566     |
|     30 | WARD   | 1550 | 7698 | 7566     |
|     10 | MILLER | 1600 | 7782 | 7566     |
|     30 | SCLARK | 1750 | 7839 | 7566     |
|     30 | TURNER | 1800 | 7698 | 7566     |
|     30 | ALLEN  | 1900 | 7698 | 7566     |
|     10 | CLARK  | 2750 | 7839 | 7566     |
|     30 | BLAKE  | 3150 | 7839 | 7566     |
|     20 | JONES  | 3275 | 7839 | 7566     |
|     20 | FORD   | 3300 | 7566 | 7566     |
|     20 | SCOTT  | 3300 | 7566 | 7566     |
|     10 | KING   | 5300 | NULL | 7566     |
+--------+--------+------+------+----------+
15 rows in set
```
