| Description   |                 |
|---------------|-----------------|
| keywords      |                 |
| dir-name      |                 |
| dir-name-en   |                 |
| tenant-type   | Oracle Mode     |

# LEAD

## 描述

该函数是一个分析函数，功能是在查询中取出同一字段的后 `offset` 行的数据作为独立的列存在表中。这种操作可以代替表的自联接。

## 语法

```sql
LEAD { (value_expr [,offset [,default]]) [{ RESPECT|IGNORE } NULLS ]
    | (value_expr [{ RESPECT|IGNORE } NULLS ] [,offset [,default] ])
    }
OVER([query_partition_clause] order_by_clause)
```

## 参数解释

|            参数             |                                                                                                          说明                                                                                                           |
|---------------------------|-----------------------------------------------------------------------------------------------------------------------------------------------------------------------------------------------------------------------|
| value_expr                | 指定需要查询的字段。 <br>**注意**  不能使用 `LEAD` 函数或其他分析函数来嵌套 `value_expr`。                                                                                                                             |
| offset                    | 指定查询 `value_expr` 的偏移量，一个大于零的整数。为可选项，默认值为 `1`。                                                                                                                                                                        |
| default                   | 指定没有符合条件的默认值。如果偏移量超出窗口的范围，则返回 `default` 的值。为可选项，默认值为 `NULL`。                                                                                                                                                          |
| {RESPECT \| IGNORE} NULLS | 表示是否忽略 `NULL` 值，为可选项。默认值为 `RESPECT NULLS`。 <ul><li> `RESPECT  NULLS` 表示不忽略 `NULL` 值。   </li><li> `IGNORE NULLS` 表示忽略 `NULL` 值。</li></ul>    |
| OVER                      | 使用 `OVER` 子句定义窗口进行计算。详细信息请参见 [分析函数说明](../400.analysis-functions-of-oracle-mode/100.window-function-description-of-oracle-mode.md)。                                                                                                                               |

## 返回类型

返回的数据类型不限。

## 示例

现有已创建的表`emp_msg`。查询 `emp_msg` 表，取字段 `ename` 的值，按 `ename` 字段升序排序，最后 `5` 行的值用 `XXX` 代替。

```sql
obclient> SELECT * FROM emp_msg;
+--------+--------+------+------+
| DEPTNO | ENAME  | SAL  | MGR  |
+--------+--------+------+------+
|     10 | CLARK  | 2750 | 7839 |
|     10 | KING   | 5300 | NULL |
|     10 | MILLER | 1600 | 7782 |
|     20 | ADAMS  | 1400 | 7788 |
|     20 | FORD   | 3300 | 7566 |
|     20 | JONES  | 3275 | 7839 |
|     20 | SCOTT  | 3300 | 7566 |
|     20 | SMITH  | 1100 | 7902 |
|     30 | ALLEN  | 1900 | 7698 |
|     30 | BLAKE  | 3150 | 7839 |
|     30 | JAMES  | 1250 | 7698 |
|     30 | MARTIN | 1550 | 7698 |
|     30 | TURNER | 1800 | 7698 |
|     30 | WARD   | 1550 | 7698 |
|     30 | SCLARK | 1750 | 7839 |
+--------+--------+------+------+
15 rows in set

obclient> SELECT  deptno, ename, sal, LEAD(ename,5,'XXX') OVER (ORDER BY ename desc) AS new_ename
     FROM emp_msg;
+--------+--------+------+-----------+
| DEPTNO | ENAME  | SAL  | NEW_ENAME |
+--------+--------+------+-----------+
|     20 | ADAMS  | 1400 | JAMES     |
|     30 | ALLEN  | 1900 | JONES     |
|     30 | BLAKE  | 3150 | KING      |
|     10 | CLARK  | 2750 | MARTIN    |
|     20 | FORD   | 3300 | MILLER    |
|     30 | JAMES  | 1250 | SCLARK    |
|     20 | JONES  | 3275 | SCOTT     |
|     10 | KING   | 5300 | SMITH     |
|     30 | MARTIN | 1550 | TURNER    |
|     10 | MILLER | 1600 | WARD      |
|     30 | SCLARK | 1750 | XXX       |
|     20 | SCOTT  | 3300 | XXX       |
|     20 | SMITH  | 1100 | XXX       |
|     30 | TURNER | 1800 | XXX       |
|     30 | WARD   | 1550 | XXX       |
+--------+--------+------+-----------+
15 rows in set
```
