| Description   |                 |
|---------------|-----------------|
| keywords      |                 |
| dir-name      |                 |
| dir-name-en   |                 |
| tenant-type   | Oracle Mode     |

# LISTAGG

## 描述

该函数用于列转行，`LISTAGG` 对 `ORDER BY` 子句中指定的每个组内的数据进行排序，然后合并度量列的值。可以将其用作聚合或分析函数。

  <main id="notice" type='explain'>
    <h4>说明</h4>
    <ul>
    <li>作为分析函数使用时，需要使用 <code>OVER</code> 子句定义窗口进行计算。该函数基于 <code>query_partition_clause</code> 中的一个或多个表达式将查询结果集分为几组。</li>
    <li>作为聚合函数使用时，不需要加 <code>OVER</code> 关键字。
    <ul>
    <li>作为单个集合的聚合函数，<code>LISTAGG</code> 对所有行进行操作并返回单个输出行。</li>
    <li>作为组集聚合，<code>LISTAGG</code> 将对 <code>GROUP BY</code> 子句定义的每个组进行操作并返回输出行。</li>
    </ul>
    </li>
    </ul>
  </main>

## 语法

```sql
LISTAGG (measure_expr [,'delimiter']) [ WITHIN GROUP ] (order_by_clause)
[ OVER query_partition_clause ]
```

## 参数解释

|      参数      |                                           说明                                            |
|--------------|-----------------------------------------------------------------------------------------|
| measure_expr | 可以是任何表达式。度量列中的空值将被忽略。                                                                   |
| delimiter    | 指定用于分隔度量值的字符串。此子句是可选的，默认为 `NULL`。                                                       |
| OVER         | 使用 `OVER` 子句定义窗口进行计算。详细信息请参见 [分析函数说明](../400.analysis-functions-of-oracle-mode/100.window-function-description-of-oracle-mode.md)。 |

## 返回类型

如果度量列是 `RAW` 的，则返回数据类型为 `RAW`，否则返回值为 `VARCHAR2`。

## 示例

现有已创建的表`employees`。

```sql
obclient> SELECT * FROM employees;
+---------------+------------+-----------+------------+--------+
| DEPARTMENT_ID | MANAGER_ID | LAST_NAME | HIREDATE   | SALARY |
+---------------+------------+-----------+------------+--------+
|            30 |        100 | Raphaely  | 2017-07-01 |   1700 |
|            30 |        100 | De Haan   | 2018-05-01 |  11000 |
|            40 |        100 | Errazuriz | 2017-07-21 |   1400 |
|            50 |        100 | Hartstein | 2019-10-05 |  14000 |
|            50 |        100 | Raphaely  | 2017-07-22 |   1700 |
|            50 |        100 | Weiss     | 2019-10-05 |  13500 |
|            90 |        100 | Russell   | 2019-07-11 |  13000 |
|            90 |        100 | Partners  | 2018-12-01 |  14000 |
+---------------+------------+-----------+------------+--------+
8 rows in set
```

### 聚合函数示例

查询第 30 部门的所有员工，并按雇用日期和姓氏排序。

```sql
obclient> SELECT LISTAGG(last_name, '; ') WITHIN GROUP (ORDER BY hiredate, last_name) as "Emp_list",
              MIN(hiredate) as "Earliest"
       FROM employees
       WHERE department_id = 30;
+-------------------+------------+
| Emp_list          | Earliest   |
+-------------------+------------+
| Raphaely; De Haan | 2017-07-01 |
+-------------------+------------+
1 row in set
```

### 分析函数示例

查询 2019 年 10 月 10 日之前雇用的雇员信息，包括该雇员的部门、雇用日期以及该部门中的其他雇员。

```sql
obclient> SELECT department_id "Dept",hiredate "Date",last_name "Name",
              LISTAGG(last_name, '; ') WITHIN GROUP (ORDER BY hiredate, last_name) OVER (PARTITION BY department_id) as "Emp_list"
      FROM employees
      WHERE hiredate < '2019-10-10'
      ORDER BY "Dept", "Date", "Name";
+------+------------+-----------+----------------------------+
| Dept | Date       | Name      | Emp_list                   |
+------+------------+-----------+----------------------------+
|   30 | 2017-07-01 | Raphaely  | Raphaely; De Haan          |
|   30 | 2018-05-01 | De Haan   | Raphaely; De Haan          |
|   40 | 2017-07-21 | Errazuriz | Errazuriz                  |
|   50 | 2017-07-22 | Raphaely  | Raphaely; Hartstein; Weiss |
|   50 | 2019-10-05 | Hartstein | Raphaely; Hartstein; Weiss |
|   50 | 2019-10-05 | Weiss     | Raphaely; Hartstein; Weiss |
|   90 | 2018-12-01 | Partners  | Partners; Russell          |
|   90 | 2019-07-11 | Russell   | Partners; Russell          |
+------+------------+-----------+----------------------------+
8 rows in set
```
