| Description   |                 |
|---------------|-----------------|
| keywords      |                 |
| dir-name      |                 |
| dir-name-en   |                 |
| tenant-type   | Oracle Mode     |

# NTILE

## 描述

该函数是一个分析函数，功能是将有序数据集划分为若干个组，并为每一行分配适当的组号。组编号为 `1` 到 `expr`。

## 语法

```sql
NTILE (expr) OVER ([ query_partition_clause ] order_by_clause)
```

## 参数解释

|  参数  |                                                                                                                                                    说明                                                                                                                                                    |
|------|----------------------------------------------------------------------------------------------------------------------------------------------------------------------------------------------------------------------------------------------------------------------------------------------------------|
| expr | 指定划分的组数。 <ul><li> `expr` 值必须解析为大于等于 `1` 的正数，如果 `expr` 是一个非整数常量，则数据库将会该值截断为整数。   </li><li> 如果 `expr` 大于行数，则将填充与行数相等的多个组，其余组为空。</li></ul>    **注意**  不能通过使用 `NTILE` 或任何其他分析函数来嵌套分析函数。但是您可以在 `expr` 中使用其他内置函数表达式。 |
| OVER | 使用 `OVER` 子句定义窗口进行计算。详细信息请参见 [分析函数说明](../400.analysis-functions-of-oracle-mode/100.window-function-description-of-oracle-mode.md)。                                                                                                                                                                                                                  |

## 返回类型

返回 `NUMERIC` 类型数据。

## 示例

现有已创建的表 `emp_msg`。查询 `emp_msg` 表中，根据列 `sal` 的值将人员分为 `5` 个级别。

```sql
obclient> SELECT * FROM emp_msg;
+--------+--------+------+------+
| DEPTNO | ENAME  | SAL  | MGR  |
+--------+--------+------+------+
|     10 | CLARK  | 2750 | 7839 |
|     10 | KING   | 5300 | NULL |
|     10 | MILLER | 1600 | 7782 |
|     20 | ADAMS  | 1400 | 7788 |
|     20 | FORD   | 3300 | 7566 |
|     20 | JONES  | 3275 | 7839 |
|     20 | SCOTT  | 3300 | 7566 |
|     20 | SMITH  | 1100 | 7902 |
|     30 | ALLEN  | 1900 | 7698 |
|     30 | BLAKE  | 3150 | 7839 |
|     30 | JAMES  | 1250 | 7698 |
|     30 | MARTIN | 1550 | 7698 |
|     30 | TURNER | 1800 | 7698 |
|     30 | WARD   | 1550 | 7698 |
|     30 | SCLARK | 1750 | 7839 |
+--------+--------+------+------+
15 rows in set

obclient> SELECT ename,sal,NTILE(5) OVER (ORDER BY sal DESC) sal_ntile FROM emp_msg ORDER BY sal DESC;
+--------+------+-----------+
| ENAME  | SAL  | SAL_NTILE |
+--------+------+-----------+
| KING   | 5300 |         1 |
| FORD   | 3300 |         1 |
| SCOTT  | 3300 |         1 |
| JONES  | 3275 |         2 |
| BLAKE  | 3150 |         2 |
| CLARK  | 2750 |         2 |
| ALLEN  | 1900 |         3 |
| TURNER | 1800 |         3 |
| SCLARK | 1750 |         3 |
| MILLER | 1600 |         4 |
| MARTIN | 1550 |         4 |
| WARD   | 1550 |         4 |
| ADAMS  | 1400 |         5 |
| JAMES  | 1250 |         5 |
| SMITH  | 1100 |         5 |
+--------+------+-----------+
15 rows in set
```
