| Description   |                 |
|---------------|-----------------|
| keywords      |                 |
| dir-name      |                 |
| dir-name-en   |                 |
| tenant-type   | Oracle Mode     |

# NTH_VALUE

## 描述

该函数功能是返回 `analytic_clause` 定义的窗口中第 `n` 行的 `measure_expr` 值。

## 语法

```sql
NTH_VALUE (measure_expr, n)
  [ FROM { FIRST | LAST } ][ { RESPECT | IGNORE } NULLS ]
OVER (analytic_clause)
```

## 参数解释

|            参数             |                                                                                                           说明                                                                                                            |
|---------------------------|-------------------------------------------------------------------------------------------------------------------------------------------------------------------------------------------------------------------------|
| measure_expr              | 指定返回数据的字段。                                                                                                                                                                                                              |
| n                         | 指定返回测量值的第 `n` 行。`n` 取值为正整数。 **注意**  <ul><li> 如果 `n` 是 `NULL`，函数将返回错误。   </li><li> 如果 `n` 大于窗口内所有的行数，函数返回 `NULL`。</li></ul>    |
| FROM { FIRST \| LAST }    | 指定计算方向。为可选项，默认值为 `FROM FIRST`。 <ul><li> `FROM FIRST` 表示从窗口的第一行开始计算。   </li><li> `FROM LAST` 表示最后一行开始计算。</li></ul>                             |
| {RESPECT \| IGNORE} NULLS | 表示是否忽略 `NULL` 值，为可选项。默认值为 `RESPECT NULLS`。 <ul><li> `RESPECT  NULLS` 表示不忽略 `NULL` 值。   </li><li> `IGNORE NULLS` 表示忽略 `NULL` 值。</li></ul>      |
| OVER                      | 使用 `OVER` 子句定义窗口进行计算。详细信息请参见 [分析函数说明](../400.analysis-functions-of-oracle-mode/100.window-function-description-of-oracle-mode.md)。                                                                                                                                 |

## 返回类型

返回值与参数 `measure_expr` 的数据类型相同。

## 示例

现有已创建的表 `emp_msg`。查询表 `emp_msg` 按列 `deptno` 分组和按列 `sal` 降序，返回列 `sal` 的第 `4` 个值。

```sql
obclient> SELECT * FROM emp_msg;
+--------+--------+------+------+
| DEPTNO | ENAME  | SAL  | MGR  |
+--------+--------+------+------+
|     10 | CLARK  | 2750 | 7839 |
|     10 | KING   | 5300 | NULL |
|     10 | MILLER | 1600 | 7782 |
|     20 | ADAMS  | 1400 | 7788 |
|     20 | FORD   | 3300 | 7566 |
|     20 | JONES  | 3275 | 7839 |
|     20 | SCOTT  | 3300 | 7566 |
|     20 | SMITH  | 1100 | 7902 |
|     30 | ALLEN  | 1900 | 7698 |
|     30 | BLAKE  | 3150 | 7839 |
|     30 | JAMES  | 1250 | 7698 |
|     30 | MARTIN | 1550 | 7698 |
|     30 | TURNER | 1800 | 7698 |
|     30 | WARD   | 1550 | 7698 |
|     30 | SCLARK | 1750 | 7839 |
+--------+--------+------+------+
15 rows in set

obclient> SELECT deptno,ename,sal,
               NTH_VALUE(sal,4) OVER (PARTITION BY deptno ORDER BY sal DESC
               ROWS BETWEEN UNBOUNDED PRECEDING AND UNBOUNDED FOLLOWING) AS third_most_sal
      FROM emp_msg
      ORDER BY deptno,sal DESC;
+--------+--------+------+----------------+
| DEPTNO | ENAME  | SAL  | THIRD_MOST_SAL |
+--------+--------+------+----------------+
|     10 | KING   | 5300 |           NULL |
|     10 | CLARK  | 2750 |           NULL |
|     10 | MILLER | 1600 |           NULL |
|     20 | FORD   | 3300 |           1400 |
|     20 | SCOTT  | 3300 |           1400 |
|     20 | JONES  | 3275 |           1400 |
|     20 | ADAMS  | 1400 |           1400 |
|     20 | SMITH  | 1100 |           1400 |
|     30 | BLAKE  | 3150 |           1750 |
|     30 | ALLEN  | 1900 |           1750 |
|     30 | TURNER | 1800 |           1750 |
|     30 | SCLARK | 1750 |           1750 |
|     30 | MARTIN | 1550 |           1750 |
|     30 | WARD   | 1550 |           1750 |
|     30 | JAMES  | 1250 |           1750 |
+--------+--------+------+----------------+
15 rows in set
```
