| Description   |                 |
|---------------|-----------------|
| keywords      |                 |
| dir-name      |                 |
| dir-name-en   |                 |
| tenant-type   | Oracle Mode     |

# VAR_POP

## 描述

该函数返回一组数值集合的总体方差（忽略 `NULL`）。可以将该函数用作聚合或分析函数。

  <main id="notice" type='explain'>
    <h4>说明</h4>
    <ul>
    <li>作为分析函数使用时，需要使用 <code>OVER</code> 子句定义窗口进行计算。它对一组行的集合进行计算并返回多个值。</li>
    <li>作为聚合函数使用时，该函数对一组行的集合进行聚合计算，结果只能返回一个值，此时不需要加 <code>OVER</code> 子句。</li>
    </ul>
  </main>

## 语法

```sql
VAR_POP(expr) [ OVER (analytic_clause) ]
```

## 参数解释

|  参数  |                                           说明                                            |
|------|-----------------------------------------------------------------------------------------|
| expr | 指定参与计算的数值表达式。属于数值数据类型或可以隐式转换为数值数据类型的值。                                                  |
| OVER | 使用 `OVER` 子句定义窗口进行计算。详细信息请参见 [分析函数说明](../400.analysis-functions-of-oracle-mode/100.window-function-description-of-oracle-mode.md)。 |

  <main id="notice" type='explain'>
    <h4>说明</h4>
    <p>如果该函数应用于空集，则返回 <code>NULL</code>。返回结果计算公式为：<code>SUM((expr - (SUM(expr) / COUNT(expr)))²)/ COUNT(expr)</code>。</p>
  </main>

## 返回类型

返回与参数 `expr` 相同的数据类型或 `NULL`。

## 示例

现有已创建表 `tbl1`。

```sql
obclient> SELECT * FROM tbl1;
+------+------+------+------+
| COL1 | COL2 | COL3 | COL4 |
+------+------+------+------+
|    1 | A1   |    8 |   12 |
|    1 | A2   |   10 |   15 |
|    1 | A3   |   11 |   16 |
|    2 | B1   |    9 |   14 |
|    2 | B2   |   10 |   15 |
|    2 | B3   |    8 |   13 |
|    2 | B4   |   11 |   16 |
|    3 | C1   |    8 |   18 |
|    3 | C2   |    9 |   16 |
|    3 | C3   |   10 |   15 |
|    3 | C4   |   11 |   12 |
|    3 | C5   |   12 |   10 |
|    4 | d1   |    8 | NULL |
|    4 | d1   |    9 |   10 |
|    4 | d1   |   10 | NULL |
+------+------+------+------+
15 rows in set
```

### 聚合函数示例

计算列 `col4` 的总体方差。

```sql
obclient> SELECT VAR_POP(col4) FROM tbl1;
+------------------------------------------+
| VAR_POP(COL4)                            |
+------------------------------------------+
| 5.53846153846153846153846153846153846154 |
+------------------------------------------+
1 row in set
```

### 分析函数示例

按列 `col2` 升序排序，计算列 `col4` 的累计总体方差。

```sql
obclient> SELECT col1,col2,col4,VAR_POP(col4) OVER(ORDER BY col2) "VAR_POP" FROM tbl1;
+------+------+------+------------------------------------------+
| COL1 | COL2 | COL4 | VAR_POP                                  |
+------+------+------+------------------------------------------+
|    1 | A1   |   12 |                                        0 |
|    1 | A2   |   15 |                                     2.25 |
|    1 | A3   |   16 |   2.888888888888888888888888888888888889 |
|    2 | B1   |   14 |                                   2.1875 |
|    2 | B2   |   15 |                                     1.84 |
|    2 | B3   |   13 |  1.8055555555555555555555555555555555555 |
|    2 | B4   |   16 | 1.95918367346938775510204081632653061229 |
|    3 | C1   |   18 |                                 3.109375 |
|    3 | C2   |   16 | 2.88888888888888888888888888888888888889 |
|    3 | C3   |   15 |                                      2.6 |
|    3 | C4   |   12 | 3.10743801652892561983471074380165289255 |
|    3 | C5   |   10 | 4.55555555555555555555555555555555555558 |
|    4 | d1   | NULL | 5.53846153846153846153846153846153846154 |
|    4 | d1   |   10 | 5.53846153846153846153846153846153846154 |
|    4 | d1   | NULL | 5.53846153846153846153846153846153846154 |
+------+------+------+------------------------------------------+
15 rows in set
```
