| Description   |                 |
|---------------|-----------------|
| keywords      |                 |
| dir-name      |                 |
| dir-name-en   |                 |
| tenant-type   | Oracle Mode     |

# VARIANCE

## 描述

该函数功能是返回指定列的方差。可以将其用作聚合或分析函数。
  <main id="notice" type='explain'>
    <h4>说明</h4>
    <ul>
    <li>作为分析函数使用时，需要使用 <code>OVER</code> 子句定义窗口进行计算。它对一组行的集合进行计算并返回多个值。</li>
    <li>作为聚合函数使用时，该函数对一组行的集合进行聚合计算，结果只能返回一个值，此时不需要加 <code>OVER</code> 子句。</li>
    </ul>
  </main>

## 语法

```sql
VARIANCE([ DISTINCT | UNIQUE | ALL ] expr) [ OVER (analytic_clause) ]
```

## 参数解释

|            参数             |                                                                                                                                                说明                                                                                                                                                |
|---------------------------|--------------------------------------------------------------------------------------------------------------------------------------------------------------------------------------------------------------------------------------------------------------------------------------------------|
| DISTINCT \| UNIQUE \| ALL | 查询时是否去重。为可选项，默认值 `ALL`。 <ul><li> `ALL`：查询时不去除数据中的重复值，且忽略数据中的 `NULL` 值。    </li><li> `DISTINCT`：查询时去除数据中的重复值，且忽略数据中的 `NULL` 值。    </li><li> `UNIQUE`：查询时去除数据中的重复值，且忽略数据中的 `NULL` 值。</li></ul>    |
| expr                      | 数值数据类型或任何可以隐式转换为数值数据类型的表达式。                                                                                                                                                                                                                                                                      |
| OVER                      | 使用 `OVER` 子句定义窗口进行计算。详细信息请参见 [分析函数说明](../400.analysis-functions-of-oracle-mode/100.window-function-description-of-oracle-mode.md)。                                                                                                                                                                                                          |

  <main id="notice" type='notice'>
    <h4>注意</h4>
    <p>如果您指定了 <code>DISTINCT</code> 或 <code>UNIQUE</code> 关键字，则 <code>analytic_clause</code> 中不允许出现 <code>order_by_clause</code> 和 <code>windowing_clause</code>。</p>
  </main>

## 返回类型

返回与参数 `expr` 相同的数据类型。

## 示例

现有已创建的表 `employees`。

```sql
obclient> SELECT * FROM employees;
+---------------+-----------+------------+--------+
| DEPARTMENT_ID | LAST_NAME | HIREDATE   | SALARY |
+---------------+-----------+------------+--------+
|            30 | Raphaely  | 2017-07-01 |   1700 |
|            30 | De Haan   | 2018-05-01 |  11000 |
|            40 | Errazuriz | 2017-07-21 |   1400 |
|            50 | Hartstein | 2019-10-05 |  14000 |
|            50 | Raphaely  | 2017-07-22 |   1700 |
|            50 | Weiss     | 2019-10-05 |  13500 |
|            90 | Russell   | 2019-07-11 |  13000 |
|            90 | Partners  | 2018-12-01 |  14000 |
+---------------+-----------+------------+--------+
8 rows in set
```

### 聚合函数示例

求列 `salary` 中所有值的方差。

```sql
obclient> SELECT SUM(salary) FROM employees;
+-------------+
| SUM(SALARY) |
+-------------+
|       70300 |
+-------------+
1 row in set
```

### 分析函数示例

以列 `hiredate` 升序排序求列 `salary` 的累计方差。

```sql
obclient> SELECT last_name,hiredate,salary,VARIANCE(salary) OVER (ORDER BY hiredate) "Variance"
          FROM employees;
+-----------+------------+--------+-------------------------------------------+
| LAST_NAME | HIREDATE   | SALARY | Variance                                  |
+-----------+------------+--------+-------------------------------------------+
| Raphaely  | 2017-07-01 |   1700 |                                         0 |
| Errazuriz | 2017-07-21 |   1400 |                                     45000 |
| Raphaely  | 2017-07-22 |   1700 |                                     30000 |
| De Haan   | 2018-05-01 |  11000 |                                  22110000 |
| Partners  | 2018-12-01 |  14000 |                                  36783000 |
| Russell   | 2019-07-11 |  13000 |  37686666.6666666666666666666666666666666 |
| Hartstein | 2019-10-05 |  14000 | 36318392.85714285714285714285714285714286 |
| Weiss     | 2019-10-05 |  13500 | 36318392.85714285714285714285714285714286 |
+-----------+------------+--------+-------------------------------------------+
8 rows in set
```
