| Description   |                 |
|---------------|-----------------|
| keywords      |                 |
| dir-name      |                 |
| dir-name-en   |                 |
| tenant-type   | Oracle Mode     |

# CUME_DIST

## 描述

该函数用于计算一组值中的某个值的累积分布，返回值的范围为 (0,1\]。可以将此函数用作聚合或分析函数。
  <main id="notice" type='explain'>
    <h4>说明</h4>
    <ul>
    <li>作为分析函数，该函数计算指定值在一组值中的相对位置。对于行 <code>row</code>，假设按升序排列，<code>row</code> 的 <code>cume_dist</code> 是值低于或等于 <code>row</code> 值的行数除以被计算的行数（整个查询结果集或分区）。</li>
    <li>作为聚合函数，该函数的参数标识每个聚合组中的单个假设行。因此，它们必须全部计算为每个聚合组内的常量表达式。常量参数表达式和 <code>ORDER BY</code> 聚合子句中的表达式按位置匹配。因此，参数的数量必须相同，并且它们的类型必须兼容。如果指定值与分组序列中某值重复，则将两个重复的值视为一个值处理。</li>
    </ul>
  </main>

## 语法

```sql
/*聚合语法*/
CUME_DIST( expr[,expr]...)
  WITHIN GROUP (ORDER BY expr_col [ DESC | ASC ][ NULLS { FIRST | LAST } ]
                       [,expr_col [ DESC | ASC ][ NULLS { FIRST | LAST } ]]...
          )

/*分析语法*/
CUME_DIST() OVER ([ query_partition_clause ] order_by_clause)
```

## 参数解释

|           参数            |                                                                                                            说明                                                                                                            |
|-------------------------|--------------------------------------------------------------------------------------------------------------------------------------------------------------------------------------------------------------------------|
| expr                    | 指定要查询的值。                                                                                                                                                                                                                 |
| expr_col                | 指定要查询的值对应的列名。                                                                                                                                                                                                            |
| DESC \| ASC             | 指定列表的排序方式，为可选项。 <ul><li> `ASC` 为升序排序，为默认值。   </li><li> `DESC` 为降序排序。</li></ul>                                                                 |
| NULLS { FIRST \| LAST } | 排序后 `expr_col` 中 `NULL` 值的位置，为可选项。 <ul><li> `NULLS FIRST` 表示 `NULL` 值排在非空值的前面。   </li><li> `NULLS LAST` 表示 `NULL` 值排在非空值的后面，为默认值。</li></ul>    |
| OVER                    | 使用 `OVER` 子句定义窗口进行计算。详细信息请参见 [分析函数说明](../400.analysis-functions-of-oracle-mode/100.window-function-description-of-oracle-mode.md)。                                                                                                                                  |

## 返回类型

返回值为 `NUMBER` 数据类型。

## 示例

现有已创建的表 `emp_msg`。

```sql
obclient> SELECT * FROM emp_msg;
+--------+--------+------+------+
| DEPTNO | ENAME  | SAL  | MGR  |
+--------+--------+------+------+
|     10 | CLARK  | 2750 | 7839 |
|     10 | KING   | 5300 | NULL |
|     10 | MILLER | 1600 | 7782 |
|     20 | ADAMS  | 1400 | 7788 |
|     20 | FORD   | 3300 | 7566 |
|     20 | JONES  | 3275 | 7839 |
|     20 | SCOTT  | 3300 | 7566 |
|     20 | SMITH  | 1100 | 7902 |
|     30 | ALLEN  | 1900 | 7698 |
|     30 | BLAKE  | 3150 | 7839 |
|     30 | JAMES  | 1250 | 7698 |
|     30 | MARTIN | 1550 | 7698 |
|     30 | TURNER | 1800 | 7698 |
|     30 | WARD   | 1550 | 7698 |
|     30 | SCLARK | 1750 | 7839 |
+--------+--------+------+------+
15 rows in set
```

### 聚合函数示例

返回 `3300` 在列 `sal` 中的位置。

```sql
obclient> SELECT CUME_DIST(3300) WITHIN GROUP (ORDER BY sal) FROM emp_msg;
+----------------------------------------+
| CUME_DIST(3300)WITHINGROUP(ORDERBYSAL) |
+----------------------------------------+
|                                  .9375 |
+----------------------------------------+
1 row in set
```

### 分析函数示例

以列 `deptno` 分组及列 `sal` 降序排序，返回列 `sal` 中各值的位置。

```sql
obclient> SELECT deptno,ename,sal,
              CUME_DIST ( ) over (PARTITION BY deptno ORDER BY sal DESC ) "RANK"
          FROM emp_msg;
+--------+--------+------+-------------------------------------------+
| DEPTNO | ENAME  | SAL  | RANK                                      |
+--------+--------+------+-------------------------------------------+
|     10 | KING   | 5300 | .3333333333333333333333333333333333333333 |
|     10 | CLARK  | 2750 | .6666666666666666666666666666666666666667 |
|     10 | MILLER | 1600 |                                         1 |
|     20 | FORD   | 3300 |                                        .4 |
|     20 | SCOTT  | 3300 |                                        .4 |
|     20 | JONES  | 3275 |                                        .6 |
|     20 | ADAMS  | 1400 |                                        .8 |
|     20 | SMITH  | 1100 |                                         1 |
|     30 | BLAKE  | 3150 | .1428571428571428571428571428571428571429 |
|     30 | ALLEN  | 1900 | .2857142857142857142857142857142857142857 |
|     30 | TURNER | 1800 | .4285714285714285714285714285714285714286 |
|     30 | SCLARK | 1750 | .5714285714285714285714285714285714285714 |
|     30 | MARTIN | 1550 | .8571428571428571428571428571428571428571 |
|     30 | WARD   | 1550 | .8571428571428571428571428571428571428571 |
|     30 | JAMES  | 1250 |                                         1 |
+--------+--------+------+-------------------------------------------+
15 rows in set
```
