|description||
|---|---|
|keywords||
|dir-name||
|dir-name-en||
|tenant-type|Oracle Mode|

# 查询中使用字符串连接符

字符串连接符，Oracle 租户通常使用 \`\|\|\` 作为字符串连接符。

## 示例

1. 创建 `if_ny` 表。

   ```unknow
   obclient> CREATE TABLE tif_ny (
                   id        NUMBER,
                   f_name     VARCHAR2(20),
                   l_name      VARCHAR2(20),
                   c_date      date,
                   PRIMARY KEY (id)
                   );
   Query OK, 0 rows affected
   ```

2. `tif_ny` 表插入数据。

   ```unknow
   obclient> INSERT INTO tif_ny VALUES(401,'张','三',date'1970-8-11'),
             (402,'李','四',date'1971-5-11'),(403,'王','五',date'1972-7-11');
   Query OK, 3 rows affected
   Records: 3  Duplicates: 0  Warnings: 0
   ```

3. 查询 `tif_ny` 表的数据。

   ```unknow
   obclient> SELECT * FROM tif_ny;
   +-----+--------+--------+-----------+
   | ID  | F_NAME | L_NAME | C_DATE    |
   +-----+--------+--------+-----------+
   | 401 | 张     | 三     | 11-AUG-70 |
   | 402 | 李     | 四     | 11-MAY-71 |
   | 403 | 王     | 五     | 11-JUL-72 |
   +-----+--------+--------+-----------+
   3 rows in set
   ```

4. "\|\|"作为字符串连接符，拼接 `tif_ny` 表的 `f_name` 列和 `l_name` 列为 `name` 列。

   ```unknow
   obclient> SELECT f_name || ' ' || l_name name FROM tif_ny;
   +---------+
   | NAME    |
   +---------+
   | 张 三   |
   | 李 四   |
   | 王 五   |
   +---------+
   3 rows in set
   ```
