| Description   |                 |
|---------------|-----------------|
| keywords      |                 |
| dir-name      |                 |
| dir-name-en   |                 |
| tenant-type   | MySQL Mode      |

# CONVERT

## Syntax

```sql
CONVERT(expr USING transcoding_name)
CONVERT(expr,type)
```

## Purpose

The two syntaxes for the `CONVERT()` function are used for the following two purposes:

* `CONVERT(expr USING transcoding_name)` changes the character set of the expression `expr` to the character set specified by `transcoding_name`.

* `CONVERT(expr,type)` changes the data type of the expression `expr` to the data type specified by `type`.

   `CONVERT(expr,type)` is equivalent to `CAST(expr AS type)`. For more information about the `CAST()` function, see [CAST](../300.conversion-functions-of-mysql-mode/100.cast-of-mysql-mode.md).

## Examples

* Change the character set of a string to `binary`.

   ```sql
   obclient> SELECT CHARSET(CONVERT('abc' USING binary));
   +--------------------------------------+
   | charset(CONVERT('abc' USING binary)) |
   +--------------------------------------+
   | binary                               |
   +--------------------------------------+
   1 row in set
   ```

* Set the data type of a string to `CHAR`.

   ```sql
   obclient> SELECT CONVERT('test', CHAR);
   +-----------------------+
   | CONVERT('test', CHAR) |
   +-----------------------+
   | test                  |
   +-----------------------+
   1 row in set
   ```
