| Description   |                 |
|---------------|-----------------|
| keywords      |                 |
| dir-name      |                 |
| dir-name-en   |                 |
| tenant-type   | Oracle Mode     |

# SYS_CONNECT_BY_PATH

## 描述

该函数返回从根到节点的列值的路径，由 `CONNECT BY` 条件返回的每一行的列值用指定分隔符号分隔。

  <main id="notice" type='explain'>
    <h4>说明</h4>
    <p>该函数仅在层次查询中有效。</p>
  </main>

## 语法

```sql
SYS_CONNECT_BY_PATH(column,'char')
```

## 参数解释

|   参数   |                             说明                              |
|--------|-------------------------------------------------------------|
| column | 指定返回数据的列名。可以是 `CHAR`、`VARCHAR2`、`NCHAR` 或 `NVARCHAR2` 数据类型。 |
| char   | 指定分隔符号。可以是 `CHAR`、`VARCHAR2`、`NCHAR` 或 `NVARCHAR2` 数据类型。    |

## 返回类型

返回 `VARCHAR2` 数据类型。

## 示例

创建表 `tbl1` 并插入测试数据，其中列 `name` 的 `ABC` 是根值，其它值为节点。查询列 `name` 中值到 `ABC` 的所有路径。

```sql
obclient> CREATE TABLE tbl1(z_id INT,name VARCHAR2(20),n_id INT);
Query OK, 0 rows affected

obclient> INSERT INTO tbl1 VALUES(0,'ABC',''),
    ->                (1,'An',0),(2,'Bn',0),(3,'Cn',0),
    ->                (4,'A1',1),(5,'B1',2),(6,'C1',3),
    ->                (7,'C2',6),(8,'A2',4),(9,'B2',5),
    ->                (10,'A3',8),(11,'A4',10),(12,'B3',9);
Query OK, 13 rows affected
Records: 13  Duplicates: 0  Warnings: 0

obclient> COMMIT;
Query OK, 0 rows affected

obclient> SELECT * FROM tbl1;
+------+------+------+
| Z_ID | NAME | N_ID |
+------+------+------+
|    0 | ABC  | NULL |
|    1 | An   |    0 |
|    2 | Bn   |    0 |
|    3 | Cn   |    0 |
|    4 | A1   |    1 |
|    5 | B1   |    2 |
|    6 | C1   |    3 |
|    7 | C2   |    6 |
|    8 | A2   |    4 |
|    9 | B2   |    5 |
|   10 | A3   |    8 |
|   11 | A4   |   10 |
|   12 | B3   |    9 |
+------+------+------+
13 rows in set

obclient> SELECT z_id,name,n_id,SYS_CONNECT_BY_PATH(name, '/') "Path"
          FROM tbl1
          START WITH n_id IS NULL
          CONNECT BY PRIOR n_id = z_id
          ORDER BY z_id;
+------+------+------+---------------------+
| Z_ID | NAME | N_ID | Path                |
+------+------+------+---------------------+
|    0 | ABC  | NULL | /ABC                |
|    1 | An   |    0 | /ABC/An             |
|    2 | Bn   |    0 | /ABC/Bn             |
|    3 | Cn   |    0 | /ABC/Cn             |
|    4 | A1   |    1 | /ABC/An/A1          |
|    5 | B1   |    2 | /ABC/Bn/B1          |
|    6 | C1   |    3 | /ABC/Cn/C1          |
|    7 | C2   |    6 | /ABC/Cn/C1/C2       |
|    8 | A2   |    4 | /ABC/An/A1/A2       |
|    9 | B2   |    5 | /ABC/Bn/B1/B2       |
|   10 | A3   |    8 | /ABC/An/A1/A2/A3    |
|   11 | A4   |   10 | /ABC/An/A1/A2/A3/A4 |
|   12 | B3   |    9 | /ABC/Bn/B1/B2/B3    |
+------+------+------+---------------------+
13 rows in set
```
