| Description   |                 |
|---------------|-----------------|
| keywords      |                 |
| dir-name      |                 |
| dir-name-en   |                 |
| tenant-type   | Oracle Mode     |

# INTERVAL YEAR TO MONTH 数据类型

INTERVAL YEAR TO MONTH 使用 YEAR 和 MONTH 字段存储一段时间。此数据类型可用于表示两个日期时间值之间的差异。

## 语法

```sql
INTERVAL YEAR [(precision)] TO MONTH
```

## 参数

`precision` 表示 `YEAR` 元素的精度，默认值为 2，取值范围为 \[0,9\]。也就是说在不指定该参数的情况下，最大可以存储 99 年 11 个月的间隔日期 （最大不能超过 100 年）。如果存储的参数超过了默认精度 2 位，那么这个参数的值不能为空，必须被明确指定。

## 使用说明

在插入 `INTERVAL YEAR TO MONTH` 数据类型的值时，所支持的格式如下表所示。

更多关于间隔数据类型值的指定请参见 [间隔字面量](../../300.literal-of-oracle-mode/500.interval-literal-of-oracle-mode.md)。

|                     **语法**                     |               **示例**               |                            **说明**                            |
|------------------------------------------------|------------------------------------|--------------------------------------------------------------|
| INTERVAL 'year-month' YEAR(precision) TO MONTH | INTERVAL  '120-3' YEAR(3) TO MONTH | 间隔 120 年 3 个月。由于 `YEAR` 元素的值大于默认精度 2，所以必须指定 `YEAR` 元素的精度为 3。 |
| INTERVAL 'year' YEAR(precision)                | INTERVAL '50' YEAR                 | 间隔 50 年。                                                     |
| INTERVAL 'month' MONTH                         | INTERVAL '500' MONTH               | 间隔 500 个月或者间隔 41 年 8 个月。                                     |

## 示例

在表 `Interval_Sample` 中创建了数据类型为 `INTERVAL YEAR TO MONTH` 的三列 `interval1`、`interval2` 和 `interval3`，并向其中插入数值。

```sql
CREATE TABLE Interval_Sample (
    interval1 INTERVAL YEAR TO MONTH,
    interval2 INTERVAL YEAR(3) TO MONTH,
    interval3 INTERVAL YEAR TO MONTH
);
INSERT INTO Interval_Sample (interval1, interval2, interval3)
VALUES (INTERVAL '12-3' YEAR TO MONTH, INTERVAL '120-3' YEAR(3) TO MONTH, INTERVAL '40' MONTH);

obclient> SELECT * FROM Interval_Sample;
+-----------+-----------+-----------+
| INTERVAL1 | INTERVAL2 | INTERVAL3 |
+-----------+-----------+-----------+
| +12-03    | +120-03   | +03-04    |
+-----------+-----------+-----------+
1 row in set
```

## 间隔与其他日期类型的计算

OceanBase 数据库支持数据类型间的转换，所以间隔数据类型的值可以与其他日期值进行数学运算，但是数据库并不支持数据类型间的进行任意加、减、乘、除运算。

如果想查看目前支持的日期类型计算矩阵图并了解数更多数据类型转换的信息。请参见 [日期时间 DATE 和间隔 INTERVAL 的计算](../400.date-time-and-interval-data-types-of-oracle-mode/800.calculation-of-date-time-and-interval-of-oracle-mode.md) 和 [数据类型转换规则](../../200.data-type-comparison-rules-of-oracle-mode/600.data-type-conversion-of-oracle-mode.md)。

* 间隔与间隔的计算，返回的值仍为间隔数据类型。示例如下：

  ```sql
  obclient> SELECT INTERVAL '2-2' YEAR TO MONTH -INTERVAL '1-1' YEAR  TO MONTH calculate1, INTERVAL '2-2' YEAR TO MONTH + INTERVAL '1-1' YEAR TO MONTH calculate2 FROM DUAL;
  +---------------+---------------+
  | CALCULATE1    | CALCULATE2    |
  +---------------+---------------+
  | +000000001-01 | +000000003-03 |
  +---------------+---------------+
  1 row in set
  ```

* 间隔与日期时间的计算，返回的值为日期数据类型。`SYSDATE` 返回当前的时间 **2020-02-27 16:13:50** ，以下示例会返回从现在起两个月后的日期值。数据库只支持"间隔+日期时间"，而"间隔-日期时间"为无效运算。但是"日期时间+间隔"和"日期时间-间隔"都是有效运算。

  ```sql
  obclient> SELECT TO_CHAR(INTERVAL '2' MONTH +SYSDATE,'YYYY-MM-DD HH24:MI:SS') calculate3 FROM DUAL;
  +---------------------+
  | CALCULATE3          |
  +---------------------+
  | 2021-12-28 17:38:41 |
  +---------------------+
  1 row in set
  ```

* 间隔和数字的运算，返回的值仍为间隔数据类型。间隔可以与数字进行乘除运算。以下示例为间隔 2 月乘以 2 的计算和间隔 2 天除以 3 的计算。

  ```sql
  obclient> SELECT INTERVAL '2' MONTH*2 calculate4, INTERVAL '2' DAY/3 calculate5 FROM DUAL;
  +---------------+-------------------------------+
  | CALCULATE4    | CALCULATE5                    |
  +---------------+-------------------------------+
  | +000000000-04 | +000000000 16:00:00.000000000 |
  +---------------+-------------------------------+
  1 row in set
  ```
