| Description   |                 |
|---------------|-----------------|
| keywords      |                 |
| dir-name      |                 |
| dir-name-en   |                 |
| tenant-type   | Oracle Mode     |

# SQL 函数中的空值

SQL 函数中的空值指的是 SQL 函数的参数存在空值。当 SQL 函数的参数为空值时，大多数标量函数都返回 NULL，分析函数会忽略空值。

## 标量函数中的空值

当出现空值时，您可以使用 `NVL()` 函数的返回值确定空值。`NVL()` 函数的表达式为 `NVL(expr1,expr2)`，如果 `expr1` 不是 `NULL`，返回 `expr1`，否则返回 `expr2`。

如下例所示，指定 `expr1` 参数为 `NULL`，查询 `NVL(expr1，0)` 表达式的返回值。`expr1` 是 `NULL`，则表达式 `NVL(expr1，0)` 的返回值为 0。

```sql
obclient> SELECT NVL(NULL,0) FROM DUAL;
+-------------+
| NVL(NULL,0) |
+-------------+
|           0 |
+-------------+
1 row in set
```

有关 NVL 函数的详细信息，请参见 [NVL](../../500.functions-of-oracle-mode/200.single-row-functions-of-oracle-mode/800.null-value-related-function-of-oracle-mode/500.nvl-of-oracle-mode.md)。

## 聚合函数中的空值

在使用 `AVG`、`MAX`、`SUM`、`COUNT` 等聚合函数时，为 `NULL` 的记录会被忽略。

如下例所示，向表 `tbl_a` 中插入数据并执行查询语句。

```sql
obclient> CREATE TABLE tbl_a (col_a varchar2(1), col_b int );
Query OK, 0 rows affected (0.15 sec)

obclient> INSERT INTO tbl_a VALUES (NULL, 3);
Query OK, 1 row affected

obclient> INSERT INTO tbl_a VALUES (NULL, NULL);
Query OK, 1 row affected

obclient> INSERT INTO tbl_a VALUES (NULL, 1);
Query OK, 1 row affected

obclient> SELECT * FROM tbl_a;
+-------+-------+
| COL_A | COL_B |
+-------+-------+
| NULL  |     3 |
| NULL  |  NULL |
| NULL  |     1 |
+-------+-------+
3 rows in set
```

使用 `AVG`、`MAX`、`SUM` 等聚合函数的返回结果如下，`NULL` 的记录被忽略了。

```sql
obclient> SELECT AVG(col_b) FROM tbl_a;
+------------+
| AVG(COL_B) |
+------------+
|          2 |
+------------+
1 row in set

obclient> SELECT MAX(col_b) FROM tbl_a;
+------------+
| MAX(COL_B) |
+------------+
|          3 |
+------------+
1 row in set

obclient> SELECT SUM(col_b) FROM tbl_a;
+------------+
| SUM(COL_B) |
+------------+
|          4 |
+------------+
1 row in set

obclient> SELECT COUNT(col_b) FROM tbl_a;
+--------------+
| COUNT(COL_B) |
+--------------+
|            2 |
+--------------+
1 row in set

obclient> SELECT COUNT(col_a) FROM tbl_a;
+--------------+
| COUNT(COL_A) |
+--------------+
|            0 |
+--------------+
1 row in set

obclient> SELECT COUNT(*) FROM tbl_a;
+----------+
| COUNT(*) |
+----------+
|        3 |
+----------+
1 row in set
```
