| Description   |                 |
|---------------|-----------------|
| keywords      |                 |
| dir-name      |                 |
| dir-name-en   |                 |
| tenant-type   | Oracle Mode     |

# KEEP

## 描述

该函数用于对一组行中的值进行操作，将这组行按照指定的排序规则排序后返回排在第一或最后的值。可以将其用作聚合或分析函数。
  <main id="notice" type='explain'>
    <h4>说明</h4>
    <ul>
    <li>作为分析函数使用时，需要使用 <code>OVER</code> 子句定义窗口进行计算。该函数基于 <code>query_partition_clause</code> 中的一个或多个表达式将查询结果集分为几组。</li>
    <li>作为聚合函数使用时，该函数对一组行的集合进行聚合计算，结果只能返回一个值，此时不需要加 <code>OVER</code> 子句。</li>
    </ul>
  </main>

## 语法

```sql
aggregate_function KEEP ( DENSE_RANK { FIRST | LAST }
                ORDER BY expr [ DESC | ASC ] [ NULLS { FIRST | LAST } ]
                      [, expr [ DESC | ASC ] [ NULLS { FIRST | LAST } ]]...
                        )
[ OVER ( [query_partition_clause] ) ]

aggregate_function:
  MIN
 |MAX
 |SUM
 |AVG
 |COUNT
 |VARIANCE
 |STDDEV
```

## 参数解释

|           参数            |                                                                                                          说明                                                                                                          |
|-------------------------|----------------------------------------------------------------------------------------------------------------------------------------------------------------------------------------------------------------------|
| aggregate_function      | 指定聚合函数的种类。                                                                                                                                                                                                           |
| expr                    | 可以是任何表达式。                                                                                                                                                                                                            |
| FIRST \| LAST           | 指定返回 `expr` 排序后那个位置的值。 <ul><li> `FIRST` 表示返回排在首位的值。   </li><li> `LAST` 表示返回排在最后的值。</li></ul>                                               |
| DESC \| ASC             | 指定列表的排序方式，为可选项。 <ul><li> `ASC` 为升序排序，默认值。   </li><li> `DESC` 为降序排序。</li></ul>                                                              |
| NULLS { FIRST \| LAST } | 排序后 `expr` 中 `NULL` 值的位置，为可选项。 <ul><li> `NULLS FIRST` 表示 `NULL` 值排在非空值的前面。  </li><li> `NULLS LAST` 表示 `NULL` 值排在非空值的后面，为默认值。</li></ul>    |
| OVER                    | 使用 `OVER` 子句定义窗口进行计算。详细信息请参见 [分析函数说明](../400.analysis-functions-of-oracle-mode/100.window-function-description-of-oracle-mode.md)。                                                                                                                              |

## 返回类型

返回与 `aggregate_function` 中指定的列相同的数据类型。

## 示例

创建表 `employees`，并向里面插入数据。

```sql
obclient> CREATE TABLE employees (department_id INT,manager_id INT,last_name varchar(50),hiredate varchar(50),SALARY INT);
Query OK, 0 rows affected

obclient> INSERT INTO employees VALUES
    (30, 100, 'Raphaely', '2017-07-01', 1700),
    (30, 100, 'De Haan', '2018-05-01',11000),
    (40, 100, 'Errazuriz', '2017-07-21', 1400),
    (50, 100, 'Hartstein', '2019-10-05',14000),
    (50, 100, 'Raphaely', '2017-07-22', 1700),
    (50, 100, 'Weiss',  '2019-10-05',13500),
    (90, 100, 'Russell', '2019-07-11', 13000),
    (90,100, 'Partners',  '2018-12-01',14000);
Query OK, 8 rows affected
Records: 8  Duplicates: 0  Warnings: 0

obclient> SELECT * FROM employees;
+---------------+------------+-----------+------------+--------+
| DEPARTMENT_ID | MANAGER_ID | LAST_NAME | HIREDATE   | SALARY |
+---------------+------------+-----------+------------+--------+
|            30 |        100 | Raphaely  | 2017-07-01 |   1700 |
|            30 |        100 | De Haan   | 2018-05-01 |  11000 |
|            40 |        100 | Errazuriz | 2017-07-21 |   1400 |
|            50 |        100 | Hartstein | 2019-10-05 |  14000 |
|            50 |        100 | Raphaely  | 2017-07-22 |   1700 |
|            50 |        100 | Weiss     | 2019-10-05 |  13500 |
|            90 |        100 | Russell   | 2019-07-11 |  13000 |
|            90 |        100 | Partners  | 2018-12-01 |  14000 |
+---------------+------------+-----------+------------+--------+
8 rows in set
```

### 聚合函数示例

按照薪水排序，对排在第一的员工的薪水求和；按照雇用日期排序，对排在最后的员工的薪水求和。

```sql
obclient> SELECT SUM(salary) KEEP (DENSE_RANK FIRST ORDER BY salary) "Worst",
    SUM(salary) KEEP (DENSE_RANK LAST ORDER BY HIREDATE) "Best"
    FROM employees;
+-------+-------+
| Worst | Best  |
+-------+-------+
|  1400 | 27500 |
+-------+-------+
1 row in set
```

### 分析函数示例

对于每个部门按照薪水排序，对排在第一的员工的薪水求和；按照雇用日期排序，对排在最后的员工的薪水求和。

```sql
obclient> SELECT last_name,department_id,salary,
    SUM(salary) KEEP (DENSE_RANK FIRST ORDER BY salary)
        OVER (PARTITION BY department_id) "Worst",
    SUM(salary) KEEP (DENSE_RANK LAST ORDER BY HIREDATE)
        OVER (PARTITION BY department_id) "Best"
    FROM employees
    ORDER BY department_id, salary, last_name;
+-----------+---------------+--------+-------+-------+
| LAST_NAME | DEPARTMENT_ID | SALARY | Worst | Best  |
+-----------+---------------+--------+-------+-------+
| Raphaely  |            30 |   1700 |  1700 | 11000 |
| De Haan   |            30 |  11000 |  1700 | 11000 |
| Errazuriz |            40 |   1400 |  1400 |  1400 |
| Raphaely  |            50 |   1700 |  1700 | 27500 |
| Weiss     |            50 |  13500 |  1700 | 27500 |
| Hartstein |            50 |  14000 |  1700 | 27500 |
| Russell   |            90 |  13000 | 13000 | 13000 |
| Partners  |            90 |  14000 | 13000 | 13000 |
+-----------+---------------+--------+-------+-------+
8 rows in set
```
