| Description   |                 |
|---------------|-----------------|
| keywords      |                 |
| dir-name      |                 |
| dir-name-en   |                 |
| tenant-type   | Oracle Mode     |

# RANK

## 描述

该函数用于计算一个值在一组值的排名。当有相同排序值时，将会有相同的排名，并且值相同的行数会被记录到下个排名中。可以将此函数用作聚合或分析函数。

  <main id="notice" type='explain'>
    <h4>说明</h4>
    <ul>
    <li>作为聚合函数，<code>RANK</code> 计算由参数 <code>expr</code> 标识的假设行相对于指定排序规范的排名。参数表达式 <code>expr</code> 和 <code>ORDER BY</code> 聚合子句中的表达式按位置匹配。因此，参数的数量必须相同，并且它们的数据类型必须兼容。</li>
    <li>作为一个解析函数，<code>RANK</code> 计算从查询相对于由查询返回的其他行返回的每一行的秩，基于所述值 <code>value_exprs</code> 中 <code>order_by_clause</code>。</li>
    </ul>
  </main>

## 语法

```sql
/*聚合语法*/
RANK(expr [, expr ]...) WITHIN GROUP
  ( ORDER BY
            expr_col [ DESC | ASC ][ NULLS { FIRST | LAST } ]
            [, expr_col [ DESC | ASC ][ NULLS { FIRST | LAST } ]]...
  )

/*分析语法*/
RANK() OVER ([ query_partition_clause ] order_by_clause)
```

## 参数解释

|           参数            |                                                                                                            说明                                                                                                            |
|-------------------------|--------------------------------------------------------------------------------------------------------------------------------------------------------------------------------------------------------------------------|
| expr                    | 指定要查询的值。                                                                                                                                                                                                                 |
| expr_col                | 指定要查询的值对应的列名。                                                                                                                                                                                                            |
| DESC \| ASC             | 指定列表的排序方式，为可选项。 <ul><li> `ASC` 为升序排序，默认值。   </li><li> `DESC` 为降序排序。</li></ul>                                                                   |
| NULLS { FIRST \| LAST } | 排序后 `expr_col` 中 `NULL` 值的位置，为可选项。 <ul><li> `NULLS FIRST` 表示 `NULL` 值排在非空值的前面。   </li><li> `NULLS LAST` 表示 `NULL` 值排在非空值的后面，为默认值。</li></ul>    |
| OVER                    | 使用 `OVER` 子句定义窗口进行计算。详细信息请参见 [分析函数说明](../400.analysis-functions-of-oracle-mode/100.window-function-description-of-oracle-mode.md)。                                                                                                                                  |

## 返回类型

返回 `NUMBER` 数据类型。

## 示例

现有已创建的表 `emp_msg`。

```sql
obclient> SELECT * FROM emp_msg;
+--------+--------+------+------+
| DEPTNO | ENAME  | SAL  | MGR  |
+--------+--------+------+------+
|     10 | CLARK  | 2750 | 7839 |
|     10 | KING   | 5300 | NULL |
|     10 | MILLER | 1600 | 7782 |
|     20 | ADAMS  | 1400 | 7788 |
|     20 | FORD   | 3300 | 7566 |
|     20 | JONES  | 3275 | 7839 |
|     20 | SCOTT  | 3300 | 7566 |
|     20 | SMITH  | 1100 | 7902 |
|     30 | ALLEN  | 1900 | 7698 |
|     30 | BLAKE  | 3150 | 7839 |
|     30 | JAMES  | 1250 | 7698 |
|     30 | MARTIN | 1550 | 7698 |
|     30 | TURNER | 1800 | 7698 |
|     30 | WARD   | 1550 | 7698 |
|     30 | SCLARK | 1750 | 7839 |
+--------+--------+------+------+
15 rows in set
```

### 聚合函数示例

返回 `3300` 在列 `sal` 中的排名。

```sql
obclient> SELECT RANK(3300) WITHIN GROUP (ORDER BY sal) FROM emp_msg;
+-----------------------------------+
| RANK(3300)WITHINGROUP(ORDERBYSAL) |
+-----------------------------------+
|                                13 |
+-----------------------------------+
1 row in set
```

### 分析函数示例

以列 `deptno` 分组及列 `sal` 降序排序并返回列 `sal` 中各值的排名。

```sql
obclient> SELECT deptno,ename,sal,
                   RANK() OVER (PARTITION BY deptno ORDER BY sal DESC) "RANK"
          FROM emp_msg;
+--------+--------+------+------+
| DEPTNO | ENAME  | SAL  | RANK |
+--------+--------+------+------+
|     10 | KING   | 5300 |    1 |
|     10 | CLARK  | 2750 |    2 |
|     10 | MILLER | 1600 |    3 |
|     20 | FORD   | 3300 |    1 |
|     20 | SCOTT  | 3300 |    1 |
|     20 | JONES  | 3275 |    3 |
|     20 | ADAMS  | 1400 |    4 |
|     20 | SMITH  | 1100 |    5 |
|     30 | BLAKE  | 3150 |    1 |
|     30 | ALLEN  | 1900 |    2 |
|     30 | TURNER | 1800 |    3 |
|     30 | SCLARK | 1750 |    4 |
|     30 | MARTIN | 1550 |    5 |
|     30 | WARD   | 1550 |    5 |
|     30 | JAMES  | 1250 |    7 |
+--------+--------+------+------+
15 rows in set
```
