| Description   |                 |
|---------------|-----------------|
| keywords      |                 |
| dir-name      |                 |
| dir-name-en   |                 |
| tenant-type   | Oracle Mode     |

# ROLLUP

## 描述

该函数是一个聚合函数，功能是可以为每个分组返回一个小计，同时为所有分组返回总计。它是 `GROUP BY` 语句的简单扩展，在数据统计和报表生成过程中比 `GROUP BY` 和 `UNION` 组合方法效率高。在涉及分组统计的任务中使用 `ROLLUP` 函数非常高效。例如，沿着时间或地理等层次维度进行小计，只需要查询 `ROLLUP(y, m, day)` 或 `ROLLUP(country, state, city)`。数据仓库管理员使用 `ROLLUP` 函数可以简化和加快汇总表的维护。

`ROLLUP` 函数的执行顺序如下：

1. 根据参数指定的列从右到左递减分组。

2. 对每个分组小计，再对所有分组合计。

3. 按照 `ORDER BY col1 (，col2，col3，col4 ...)` 排序。

## 语法

```sql
SELECT ... GROUP BY ROLLUP(col_name [,col_name...])
```

## 参数解释

`col_name` 是指进行分组操作的列名。如果 `ROLLUP` 参数为 `N` 个 `col_name`，则相当于 `N+1` 个 `GROUP BY` 分组的 `UNION` 的结合。

## 示例

创建表 `group_tbl1`，并向里面插入数据。

```sql
obclient> CREATE TABLE group_tbl1 (group_id INT,job VARCHAR2(10),name VARCHAR2(10),salary INT);
Query OK, 0 rows affected

obclient> INSERT INTO group_tbl1 VALUES
    (10,'Coding','Bruce',1000),
    (10,'Programmer','Clair',1000),
    (20,'Coding','Jason',2000),
    (20,'Programmer','Joey',2000),
    (30,'Coding','Rebecca',3000),
    (30,'Programmer','Rex',3000),
    (40,'Coding','Samuel',4000),
    (40,'Programmer','Susy',4000);
Query OK, 8 rows affected (0.01 sec)
Records: 8  Duplicates: 0  Warnings: 0

obclient> SELECT * FROM group_tbl1;
+----------+------------+---------+--------+
| GROUP_ID | JOB        | NAME    | SALARY |
+----------+------------+---------+--------+
|       10 | Coding     | Bruce   |   1000 |
|       10 | Programmer | Clair   |   1000 |
|       20 | Coding     | Jason   |   2000 |
|       20 | Programmer | Joey    |   2000 |
|       30 | Coding     | Rebecca |   3000 |
|       30 | Programmer | Rex     |   3000 |
|       40 | Coding     | Samuel  |   4000 |
|       40 | Programmer | Susy    |   4000 |
+----------+------------+---------+--------+
8 rows in set
```

对 `group_id` 进行 `GROUP BY` 分组操作并对 `salary` 求和。

```sql
obclient> SELECT group_id,SUM(salary) FROM group_tbl1 GROUP BY group_id;
+----------+-------------+
| GROUP_ID | SUM(SALARY) |
+----------+-------------+
|       10 |        2000 |
|       20 |        4000 |
|       30 |        6000 |
|       40 |        8000 |
+----------+-------------+
4 rows in set
```

对 `group_id` 使用 `ROLLUP` 函数进行分组，同时求 `salary` 总和。

```javascript
obclient> SELECT group_id,SUM(salary) FROM group_tbl1 GROUP BY ROLLUP (group_id);
+----------+-------------+
| GROUP_ID | SUM(SALARY) |
+----------+-------------+
|       10 |        2000 |
|       20 |        4000 |
|       30 |        6000 |
|       40 |        8000 |
|     NULL |       20000 |
+----------+-------------+
5 rows in set
```

对 `group_id` 列和 `job` 列使用 `ROLLUP` 函数进行分组，同时求 `salary` 总和。

```sql
obclient> SELECT group_id,job,SUM(salary) FROM group_tbl1 GROUP BY ROLLUP (group_id,job);
+----------+------------+-------------+
| GROUP_ID | JOB        | SUM(SALARY) |
+----------+------------+-------------+
|       10 | Coding     |        1000 |
|       10 | Programmer |        1000 |
|       10 | NULL       |        2000 |
|       20 | Coding     |        2000 |
|       20 | Programmer |        2000 |
|       20 | NULL       |        4000 |
|       30 | Coding     |        3000 |
|       30 | Programmer |        3000 |
|       30 | NULL       |        6000 |
|       40 | Coding     |        4000 |
|       40 | Programmer |        4000 |
|       40 | NULL       |        8000 |
|     NULL | NULL       |       20000 |
+----------+------------+-------------+
13 rows in set
```

上面的 SQL 语句可以用 `GROUP BY` 与 `UNION ALL` 组合方法替换，可以看到输出结果和 `ROLLUP` 函数一样，但是 `ROLLUP` 函数更加简洁、高效。

```sql
obclient> SELECT group_id,job,SUM(salary) FROM group_tbl1 GROUP BY group_id, job
    UNION ALL
    SELECT group_id,NULL,SUM(salary) FROM group_tbl1 GROUP BY group_id
    UNION ALL
    SELECT NULL,NULL,SUM(salary) FROM group_tbl1 ORDER BY 1,2;
+----------+------------+-------------+
| GROUP_ID | JOB        | SUM(SALARY) |
+----------+------------+-------------+
|       10 | Coding     |        1000 |
|       10 | Programmer |        1000 |
|       10 | NULL       |        2000 |
|       20 | Coding     |        2000 |
|       20 | Programmer |        2000 |
|       20 | NULL       |        4000 |
|       30 | Coding     |        3000 |
|       30 | Programmer |        3000 |
|       30 | NULL       |        6000 |
|       40 | Coding     |        4000 |
|       40 | Programmer |        4000 |
|       40 | NULL       |        8000 |
|     NULL | NULL       |       20000 |
+----------+------------+-------------+
13 rows in set
```
