| Description   |                 |
|---------------|-----------------|
| keywords      |                 |
| dir-name      |                 |
| dir-name-en   |                 |
| tenant-type   | Oracle Mode     |

# STDDEV_POP

## 描述

该函数将数值型数据作为参数计算总体标准差。总体标准差是总体方差的算术平方根。可以将其用作聚合或分析函数。

  <main id="notice" type='explain'>
    <h4>说明</h4>
    <ul>
    <li>作为分析函数使用时，需要使用 <code>OVER</code> 子句定义窗口进行计算。它对一组行的集合进行计算并返回多个值。</li>
    <li>作为聚合函数使用时，该函数对一组行的集合进行聚合计算，结果只能返回一个值，此时不需要加 <code>OVER</code> 子句。</li>
    </ul>
  </main>

## 语法

```sql
STDDEV_POP( [ALL] expr) [ OVER (analytic_clause) ]
```

## 参数解释

|  参数  |                                           说明                                            |
|------|-----------------------------------------------------------------------------------------|
| ALL  | 指定全部数值列，为可选项。默认值为 `ALL`。                                                                |
| expr | 数值类型（`NUMBER`、`FLOAT`、`BINARY_FLOAT` 和 `BINARY_DOUBLE`）或者可以转换成数值类型的表达式。                 |
| OVER | 使用 `OVER` 子句定义窗口进行计算。详细信息请参见 [分析函数说明](../400.analysis-functions-of-oracle-mode/100.window-function-description-of-oracle-mode.md)。 |

## 返回类型

返回类型与参数 `expr` 的数据类型相同。

## 示例

现有已创建的表 `employees`。

```sql
obclient> SELECT * FROM employees;
+---------------+-----------+------------+--------+
| DEPARTMENT_ID | LAST_NAME | HIREDATE   | SALARY |
+---------------+-----------+------------+--------+
|            30 | Raphaely  | 2017-07-01 |   1700 |
|            30 | De Haan   | 2018-05-01 |  11000 |
|            40 | Errazuriz | 2017-07-21 |   1400 |
|            50 | Hartstein | 2019-10-05 |  14000 |
|            50 | Raphaely  | 2017-07-22 |   1700 |
|            50 | Weiss     | 2019-10-05 |  13500 |
|            90 | Russell   | 2019-07-11 |  13000 |
|            90 | Partners  | 2018-12-01 |  14000 |
+---------------+-----------+------------+--------+
8 rows in set
```

### 聚合函数示例

求列 `salary` 的总体标准差。

```sql
obclient> SELECT STDDEV_POP(salary) FROM employees;
+-------------------------------------------+
| STDDEV_POP(SALARY)                        |
+-------------------------------------------+
| 5637.250548804798333699350384281939588505 |
+-------------------------------------------+
1 row in set
```

### 分析函数示例

以列 `department_id` 分组，求列 `salary` 的总体标准差。

```sql
obclient> SELECT department_id,last_name,salary,STDDEV_POP(salary) OVER (PARTITION BY department_id) AS pop_std
          FROM employees
          ORDER BY department_id,last_name,salary;
+---------------+-----------+--------+-------------------------------------------+
| DEPARTMENT_ID | LAST_NAME | SALARY | POP_STD                                   |
+---------------+-----------+--------+-------------------------------------------+
|            30 | De Haan   |  11000 |                                      4650 |
|            30 | Raphaely  |   1700 |                                      4650 |
|            40 | Errazuriz |   1400 |                                         0 |
|            50 | Hartstein |  14000 | 5684.090858606052304285807872404592677763 |
|            50 | Raphaely  |   1700 | 5684.090858606052304285807872404592677763 |
|            50 | Weiss     |  13500 | 5684.090858606052304285807872404592677763 |
|            90 | Partners  |  14000 |                                       500 |
|            90 | Russell   |  13000 |                                       500 |
+---------------+-----------+--------+-------------------------------------------+
8 rows in set
```
