| Description   |                 |
|---------------|-----------------|
| keywords      |                 |
| dir-name      |                 |
| dir-name-en   |                 |
| tenant-type   | Oracle Mode     |

# WMSYS.WM_CONCAT/WM_CONCAT

## 描述

该函数用于列转行，将度量列的值进行合并。可以将其用作聚合或分析函数。

  <main id="notice" type='explain'>
    <h4>说明</h4>
    <ul>
    <li>作为分析函数使用时，需要使用 <code>OVER</code> 子句定义窗口进行计算。该函数基于 <code>query_partition_clause</code> 中的一个或多个表达式将查询结果集分为几组。</li>
    <li>作为聚合函数使用时，不需要加 <code>OVER</code> 关键字。
    <ul>
    <li>作为单个集合的聚合函数，<code>WM_CONCAT</code> 对所有行进行操作并返回单个输出行。</li>
    <li>作为组集聚合，<code>WM_CONCAT</code> 将对 <code>GROUP BY</code> 子句定义的每个组进行操作并返回输出行。</li>
    </ul>
    </li>
    </ul>
  </main>

## 语法

```sql
WM_CONCAT ([DISTINCT] measure_expr) [OVER query_partition_clause]
```

## 参数解释

|      参数      |                                           说明                                            |
|--------------|-----------------------------------------------------------------------------------------|
| DISTINCT     | 如果指定 `DISTINCT`，会在返回结果中删除重复值。为可选项。                                                      |
| measure_expr | 可以是任何表达式。度量列中的空值将被忽略。                                                                   |
| OVER         | 使用 `OVER` 子句定义窗口进行计算。详细信息请参见 [分析函数说明](../400.analysis-functions-of-oracle-mode/100.window-function-description-of-oracle-mode.md)。 |

## 返回类型

返回 `CLOB` 类型的数据值。

## 示例

现有已创建的表 `employees`。

```sql
obclient> SELECT * FROM employees;
+---------------+-----------+------------+--------+
| DEPARTMENT_ID | LAST_NAME | HIREDATE   | SALARY |
+---------------+-----------+------------+--------+
|            30 | Raphaely  | 2017-07-01 |   1700 |
|            30 | De Haan   | 2018-05-01 |  11000 |
|            40 | Errazuriz | 2017-07-21 |   1400 |
|            50 | Hartstein | 2019-10-05 |  14000 |
|            50 | Raphaely  | 2017-07-22 |   1700 |
|            50 | Weiss     | 2019-10-05 |  13500 |
|            90 | Russell   | 2019-07-11 |  13000 |
|            90 | Partners  | 2018-12-01 |  14000 |
+---------------+-----------+------------+--------+
8 rows in set
```

### 聚合函数示例

把列 `last_name` 中所有的人名放在一行展示。

```sql
obclient> SELECT WM_CONCAT(last_name) "Emp_list" FROM employees;
+----------------------------------------------------------------------+
| Emp_list                                                             |
+----------------------------------------------------------------------+
| Raphaely,De Haan,Errazuriz,Hartstein,Raphaely,Weiss,Russell,Partners |
+----------------------------------------------------------------------+
1 row in set
```

### 分析函数示例

以列 `department_id` 分组，查询同组中所有的 `last_name`。

```sql
obclient> SELECT department_id,hiredate,last_name,
              WM_CONCAT(last_name) OVER (PARTITION BY department_id) as "Emp_list"
    FROM employees
    ORDER BY 1,2;
+---------------+------------+-----------+--------------------------+
| DEPARTMENT_ID | HIREDATE   | LAST_NAME | Emp_list                 |
+---------------+------------+-----------+--------------------------+
|            30 | 2017-07-01 | Raphaely  | Raphaely,De Haan         |
|            30 | 2018-05-01 | De Haan   | Raphaely,De Haan         |
|            40 | 2017-07-21 | Errazuriz | Errazuriz                |
|            50 | 2017-07-22 | Raphaely  | Hartstein,Raphaely,Weiss |
|            50 | 2019-10-05 | Hartstein | Hartstein,Raphaely,Weiss |
|            50 | 2019-10-05 | Weiss     | Hartstein,Raphaely,Weiss |
|            90 | 2018-12-01 | Partners  | Russell,Partners         |
|            90 | 2019-07-11 | Russell   | Russell,Partners         |
+---------------+------------+-----------+--------------------------+
8 rows in set
```
