| Description   |                 |
|---------------|-----------------|
| keywords      |                 |
| dir-name      |                 |
| dir-name-en   |                 |
| tenant-type   | Oracle Mode     |

# COUNT

## 描述

该函数用于返回查询 `expr` 的行数。可以将其用作聚合或分析函数。

  <main id="notice" type='explain'>
    <h4>说明</h4>
    <ul>
    <li>作为分析函数使用时，需要使用 <code>OVER</code> 子句定义窗口进行计算。它对一组行的集合进行计算并返回多个值。</li>
    <li>作为聚合函数使用时，该函数对一组行的集合进行聚合计算，结果只能返回一个值，此时不需要加 <code>OVER</code> 子句。</li>
    </ul>
  </main>

## 语法

```sql
COUNT({ * | [ DISTINCT | UNIQUE | ALL ] expr }) [ OVER (analytic_clause) ]
```

## 参数解释

|            参数             |                                                                                                                            说明                                                                                                                             |
|---------------------------|-----------------------------------------------------------------------------------------------------------------------------------------------------------------------------------------------------------------------------------------------------------|
| \*                        | 表示返回满足条件的所有行，且包含重复行和空行。                                                                                                                                                                                                                                   |
| DISTINCT \| UNIQUE \| ALL | 查询时是否去重。为可选项，默认值 `ALL`。 <ul><li> `ALL`：返回所有值，包含重复行，且忽略空行。   </li><li> `DISTINCT`：返回的行中去除重复行，且忽略空行。   </li><li> `UNIQUE`：返回的行中去除重复行，且忽略空行。</li></ul>    |
| expr                      | 指定参与计算的列名。                                                                                                                                                                                                                                                |
| OVER                      | 使用 `OVER` 子句定义窗口进行计算。详细信息请参见 [分析函数说明](../400.analysis-functions-of-oracle-mode/100.window-function-description-of-oracle-mode.md)。                                                                                                                                                                   |

  <main id="notice" type='notice'>
    <h4>注意</h4>
    <ul>
    <li>对于 <code>COUNT</code> 函数，从不返回 <code>NULL</code>，如果指定了 <code>expr</code>，即返回 <code>expr</code> 不为 <code>NULL</code> 的统计个数，如果指定 <code>COUNT(*)</code> 返回所有行的统计数目。使用参数 <code>DISTINCT</code> 、<code>UNIQUE</code> 或 <code>ALL</code> 时需要与 <code>expr</code> 用空格隔开。</li>
    <li>如果您指定了 <code>DISTINCT</code> 或 <code>UNIQUE</code> 关键字，则 <code>analytic_clause</code> 中不允许出现 <code>order_by_clause</code> 和 <code>windowing_clause</code>。</li>
    </ul>
  </main>

## 返回类型

返回一个自然数。

## 示例

创建表 `tbl1`，并插入测试数据。

```sql
obclient> CREATE TABLE tbl1 (col1 INT,col2 varchar(10),col3 INT);
Query OK, 0 rows affected

obclient> INSERT INTO tbl1 VALUES
    (1,'aa',10),(2,'bb',12),(3,'cc',15),(4,'dd',18),(5,'ee',20),
    (6,'ff',23),(7,'gg',25),(8,'hh',30),(9,'ii',40),(10,'jj',15),
    (11,'kk',NULL),(12,'oo',NULL);
Query OK, 12 rows affected
Records: 12  Duplicates: 0  Warnings: 0

obclient> SELECT * FROM tbl1;
+------+------+------+
| COL1 | COL2 | COL3 |
+------+------+------+
|    1 | aa   |   10 |
|    2 | bb   |   12 |
|    3 | cc   |   15 |
|    4 | dd   |   18 |
|    5 | ee   |   20 |
|    6 | ff   |   23 |
|    7 | gg   |   25 |
|    8 | hh   |   30 |
|    9 | ii   |   40 |
|   10 | jj   |   15 |
|   11 | kk   | NULL |
|   12 | oo   | NULL |
+------+------+------+
12 rows in set
```

### 聚合函数示例

求表 `tbl1` 列 `col3` 的非空行数和表 `tbl1` 的总行数。

```sql
obclient> SELECT COUNT(col3),COUNT(*) FROM tbl1;
+-------------+----------+
| COUNT(COL3) | COUNT(*) |
+-------------+----------+
|          10 |       12 |
+-------------+----------+
1 row in set
```

### 分析函数示例

求表 `tbl1` 中所有以 `col3` 中值排序并且的偏移量在 `1` 至 `3` 范围内的个数。

```sql
obclient> SELECT col1,col2,
                 COUNT(*) OVER (ORDER BY col3 RANGE BETWEEN 1 PRECEDING AND 3 FOLLOWING) AS mov_count
          FROM tbl1;
+------+------+-----------+
| COL1 | COL2 | MOV_COUNT |
+------+------+-----------+
|    1 | aa   |         2 |
|    2 | bb   |         3 |
|    3 | cc   |         3 |
|   10 | jj   |         3 |
|    4 | dd   |         2 |
|    5 | ee   |         2 |
|    6 | ff   |         2 |
|    7 | gg   |         1 |
|    8 | hh   |         1 |
|    9 | ii   |         1 |
|   11 | kk   |         2 |
|   12 | oo   |         2 |
+------+------+-----------+
12 rows in set
```
