| Description   |                 |
|---------------|-----------------|
| keywords      |                 |
| dir-name      |                 |
| dir-name-en   |                 |
| tenant-type   | Oracle Mode     |

# DENSE_RANK

## 描述

该函数功能是计算有序行组中行的秩。秩的值是从 `1` 开始的连续整数，最大的秩值是符合查询结果的数值。具有相同值的排序标准的行接收相同的秩，相同的行数不会被记录到下个排名中。可以将其用作聚合或分析函数。

  <main id="notice" type='explain'>
    <h4>说明</h4>
    <ul>
    <li>作为聚合函数，<code>DENSE_RANK</code> 根据指定的排序规范计算由函数的参数标识的假设行的密集等级。常量参数表达式 <code>expr</code> 和 <code>order_by_clause</code> 聚合中的表达式按位置匹配。因此，参数的数量必须相同并且类型必须兼容。</li>
    <li>作为一个分析函数，<code>DENSE_RANK</code> 根据 <code>order_by_clause</code> 中 <code>value_exprs</code> 的值，计算从查询返回的每一行相对于其他行的秩。</li>
    </ul>
  </main>

## 语法

```sql
/*聚合语法*/
DENSE_RANK(expr [, expr ...])
  WITHIN GROUP ( ORDER BY expr_col [ DESC | ASC ][ NULLS { FIRST | LAST } ]
                        [,expr_col [ DESC | ASC ][ NULLS { FIRST | LAST } ]]...
                )

/*分析语法*/
DENSE_RANK( ) OVER([ query_partition_clause ] order_by_clause)
```

## 参数解释

|           参数            |                                                                                                            说明                                                                                                            |
|-------------------------|--------------------------------------------------------------------------------------------------------------------------------------------------------------------------------------------------------------------------|
| expr                    | 对应列中数据类型的值。                                                                                                                                                                                                              |
| expr_col                | 指定要查询的值对应的列名。                                                                                                                                                                                                            |
| DESC \| ASC             | 指定列表的排序方式，为可选项。 <ul><li> `ASC` 为升序排序，默认值。   </li><li> `DESC` 为降序排序。  </li></ul>                                                                |
| NULLS { FIRST \| LAST } | 排序后 `expr_col` 中 `NULL` 值的位置，为可选项。 <ul><li> `NULLS FIRST` 表示 `NULL` 值排在非空值的前面。   </li><li> `NULLS LAST` 表示 `NULL` 值排在非空值的后面，为默认值。</li></ul>    |
| OVER                    | 使用 `OVER` 子句定义窗口进行计算。详细信息请参见 [分析函数说明](../400.analysis-functions-of-oracle-mode/100.window-function-description-of-oracle-mode.md)。                                                                                                                                  |

## 返回类型

返回值为 `NUMBER` 数据类型。

## 示例

现有已创建的表 `emp_msg`。

```sql
obclient> SELECT * FROM emp_msg;
+--------+--------+------+------+
| DEPTNO | ENAME  | SAL  | MGR  |
+--------+--------+------+------+
|     10 | CLARK  | 2750 | 7839 |
|     10 | KING   | 5300 | NULL |
|     10 | MILLER | 1600 | 7782 |
|     20 | ADAMS  | 1400 | 7788 |
|     20 | FORD   | 3300 | 7566 |
|     20 | JONES  | 3275 | 7839 |
|     20 | SCOTT  | 3300 | 7566 |
|     20 | SMITH  | 1100 | 7902 |
|     30 | ALLEN  | 1900 | 7698 |
|     30 | BLAKE  | 3150 | 7839 |
|     30 | JAMES  | 1250 | 7698 |
|     30 | MARTIN | 1550 | 7698 |
|     30 | TURNER | 1800 | 7698 |
|     30 | WARD   | 1550 | 7698 |
|     30 | SCLARK | 1750 | 7839 |
+--------+--------+------+------+
15 rows in set
```

### 聚合函数示例

返回 `3300` 在列 `sal` 中的秩。

```sql
obclient> SELECT DENSE_RANK(3300) WITHIN GROUP (ORDER BY sal) FROM emp_msg;
+-----------------------------------------+
| DENSE_RANK(3300)WITHINGROUP(ORDERBYSAL) |
+-----------------------------------------+
|                                      12 |
+-----------------------------------------+
1 row in set
```

### 分析函数示例

以列 `deptno` 分组并按列 `sal` 降序排序，返回列 `sal` 中各值的秩。

```sql
obclient> SELECT deptno,ename, sal,
              DENSE_RANK ( ) OVER (PARTITION BY deptno ORDER BY sal DESC ) "RANK"
     FROM emp_msg;
+--------+--------+------+------+
| DEPTNO | ENAME  | SAL  | RANK |
+--------+--------+------+------+
|     10 | KING   | 5300 |    1 |
|     10 | CLARK  | 2750 |    2 |
|     10 | MILLER | 1600 |    3 |
|     20 | FORD   | 3300 |    1 |
|     20 | SCOTT  | 3300 |    1 |
|     20 | JONES  | 3275 |    2 |
|     20 | ADAMS  | 1400 |    3 |
|     20 | SMITH  | 1100 |    4 |
|     30 | BLAKE  | 3150 |    1 |
|     30 | ALLEN  | 1900 |    2 |
|     30 | TURNER | 1800 |    3 |
|     30 | SCLARK | 1750 |    4 |
|     30 | MARTIN | 1550 |    5 |
|     30 | WARD   | 1550 |    5 |
|     30 | JAMES  | 1250 |    6 |
+--------+--------+------+------+
15 rows in set
```
