| Description   |                 |
|---------------|-----------------|
| keywords      |                 |
| dir-name      |                 |
| dir-name-en   |                 |
| tenant-type   | Oracle Mode     |

# CREATE VIEW

## 描述

该语句用于创建视图语句，如果指定了 `OR REPLACE` 子句，该语句能够替换已有的视图。

视图在数据库中实际上并不是以表的形式存在，视图是作为在 `CREATE VIEW` 语句中指定的 `SELECT` 语句的结果而派生出来的，每次使用时视图就会派生。

如果 `FROM` 子句中引用了两个或多个表或视图，则称该视图为连接视图（Join View）。一个可更新的连接视图，也称为可修改的连接视图，涉及两个或多个基表或视图，并允许 DML 操作。可更新的视图不受限于 `WITH READ ONLY` 子句。

要实现可更新，视图必须满足多个条件。例如，其中一条通用规则就是对于连接视图的 `INSERT`、`UPDATE` 或 `DELETE` 操作一次只能修改一个基表。

## 语法

```sql
CREATE [OR REPLACE] [[NO] FORCE] VIEW view_name [(column_name_list)] AS select_stmt [WITH CHECK OPTION];

select_stmt:
    SELECT column_name, [--string] 
        [, column_name, [--string] ...]
    FROM from_list
    [WHERE condition]

column_name_list:
    column_name [, column_name ...]
```

## 参数解释

|        参数      |                                             描述                                                |
|------------------|------------------------------------------------------------------------------------------------|
| OR REPLACE       | 表示如果要创建的视图名称已存在，则使用新的定义重新创建视图。|
| \[NO\] FORCE     | 如果在创建视图时，不考虑该视图是否存在基表或存在引用的对象类型，以及视图所在 Schema 的所有者是否具有权限，请指定 `FORCE`。如果只在基表存在且视图所在 Schema 所有者具有权限时才创建视图，请指定 `NOFORCE`。`NOFORCE` 是默认设置。|
| view_name        | 视图名。|
| column_name_list | 视图必须具有唯一的列名，不得有重复，就像基表那样。默认情况下，由 `SELECT` 语句检索的列名将用作视图列名。要想为视图列定义明确的名称，可使用可选的 `column_name_list` 子句，ID 之间使用逗号分隔。`column_name_list` 中的名称数目必须等于 `SELECT`语句检索的列数。`SELECT` 语句检索的列可以是对表列的简单引用。也可以是使用函数、常量值、运算符等的表达式。|
| select_stmt      | 是一种 `SELECT` 语句。它给出了视图的定义。该语句可以从基表或其他视图进行选择。更多 `SELECT` 语句信息，参见 [SIMPLE SELECT](../200.dml-of-oracle-mode/500.select-of-oracle-mode/100.simple-select-of-oracle-mode.md)。|
| --string         | 可选项，用于给视图添加注释。注释存储在视图定义中。<main id="notice" type='notice'><h4>说明</h4><p><code>--string</code> 可以注释在 <code>select_stmt</code> 的任意位置。</p></main>|
| WITH CHECK OPTION | `WITH CHECK OPTION` 是一种用于创建视图的语法，它用于确保插入或更新的数据满足视图的定义条件。<main id="notice" type='notice'><h4>注意</h4><p> Oracle 模式下的 <code>WITH CHECK OPTION</code> 语法不支持指定为 <code>LOCAL</code> 或 <code>CASCADED</code>，默认为 <code>CASCADED</code>。</p></main>  |

## 示例

* 选择表 `tbl1` 中的 `col1`、`col2` 列来创建视图 `view1`。

  ```shell
  obclient [SYS]> CREATE OR REPLACE FORCE VIEW view1(vcol1, vcol2) AS SELECT col1, col2 FROM tbl1;
  ```

* 基于表 `tbl2` 的 `col1`、`col2` 列来创建视图 `view2`，`view2` 中包含满足 `tbl2.col2 > 1` 的全部数据。

  1. 创建表 `tbl2`。

      ```shell
      obclient [SYS]> CREATE TABLE tbl2 (col1 INT, col2 INT);
      ```

  2. 创建视图 `view2`。

      ```shell
      obclient [SYS]> CREATE VIEW view2 AS SELECT * FROM tbl2 WHERE tbl2.col2 > 1 WITH CHECK OPTION;
      ```

* 基于表 `tbl2` 的 `col1`、`col2` 列来创建视图 `view3`，并同时为视图 `view3` 添加注释。

  ```shell
  obclient [SYS]> CREATE VIEW view3 
    AS SELECT col1, --col1 comment1
      col2 --col1 comment2
      FROM tbl2;
  ```

* 通过 `SHOW CREATE VIEW` 或 `DBMS_METADATA.GET_DDL` 查询视图注释。

  * 通过 `SHOW CREATE VIEW` 查询视图注释。

    ```shell
    obclient [SYS]> SHOW CREATE VIEW view3;
    ```

    返回结果如下：

    ```shell
    +-------+--------------------------------------------------------------------------------------------------------------+----------------------+----------------------+
    | VIEW  | CREATE VIEW                                                                                                  | CHARACTER_SET_CLIENT | COLLATION_CONNECTION |
    +-------+--------------------------------------------------------------------------------------------------------------+----------------------+----------------------+
    | VIEW3 | CREATE VIEW "VIEW3" ("COL1", "COL2")  AS SELECT col1, --col1 comment1
        col2 --col1 comment2
        FROM tbl2 | utf8mb4              | utf8mb4_bin          |
    +-------+--------------------------------------------------------------------------------------------------------------+----------------------+----------------------+
    1 row in set
    ```

  * 通过 `DBMS_METADATA.GET_DDL` 查询视图注释。

    ```shell
    obclient [SYS]> SELECT DBMS_METADATA.GET_DDL('VIEW', 'VIEW3', 'SYS') FROM dual;
    ```

    返回结果如下：

    ```shell
    +--------------------------------------------------------------------------------------------------------------+
    | DBMS_METADATA.GET_DDL('VIEW','VIEW3','SYS')                                                                  |
    +--------------------------------------------------------------------------------------------------------------+
    | CREATE VIEW "VIEW3" ("COL1", "COL2")  AS SELECT col1, --col1 comment1
        col2 --col1 comment2
        FROM tbl2 |
    +--------------------------------------------------------------------------------------------------------------+
    1 row in set
    ```

## 相关文档

* [SIMPLE SELECT](../200.dml-of-oracle-mode/500.select-of-oracle-mode/100.simple-select-of-oracle-mode.md)
* [SHOW](../300.dcl-of-oracle-mode/3600.show-of-oracle-mode.md)
* [GET_DDL](../../../../300.pl-reference/300.pl-oracle/1400.pl-system-package-oracle/9900.dbms-metadata-oracle/200.get-ddl-oracle.md)
