|description||
|---|---|
|keywords||
|dir-name||
|dir-name-en||
|tenant-type|Oracle Mode|

# 集合操作

在 OceanBase 数据库 Oracle 模式中，可以使用集合运算符 `UNION`、`UNION ALL`、`INTERSECT` 和 `MINUS` 来组合多个查询。这些集合运算符具有相同的优先级。如果 SQL 语句包含多个集合运算符，则 OceanBase 数据库将按照从左到右的顺序对它们进行计算，除非使用括号明确指定了运算的顺序。

本文将介绍集合运算符 `UNION`、`UNION ALL`、`INTERSECT` 和 `MINUS` 的使用。

## 语法

```sql
select_clause_set_left 
{ UNION | UNION ALL | MINUS | INTERSECT}
select_clause_set_right
```

更多集合查询语法的信息，请参见 [集合类 SELECT](../../../700.reference/500.sql-reference/100.sql-syntax/300.common-tenant-of-oracle-mode/900.sql-statement-of-oracle-mode/200.dml-of-oracle-mode/500.select-of-oracle-mode/200.collection-select-of-oracle-mode.md)。

**参数解释：**

* `select_clause_set_left`：`SELECT` 语句，返回用于集合计算的左集合。
* `select_clause_set_right`：`SELECT` 语句，返回用于集合计算的右集合。
* `UNION`：用于将两个或多个 `SELECT` 语句的结果集合并为一个集合，并去除重复的行。
* `UNION ALL`：用于将两个或多个 `SELECT` 语句的结果集合并为一个集合，不去除重复的行。
* `INTERSECT`：用于返回两个 `SELECT` 语句的结果集的交集。
* `MINUS`：用于返回第一个 `SELECT` 语句的结果集中不包含在第二个 `SELECT` 语句的结果集中的行。

    <main id="notice" type='explain'>
    <h4>说明</h4>
    <p>OceanBase 数据库 Oracle 模式仅支持 <code>MINUS</code>，不支持 <code>EXCEPT</code>，尽管两者的语义相同。</p>
    </main>

更多集合运算符的规则和限制的信息，请参见 [复合查询](../../../700.reference/500.sql-reference/100.sql-syntax/300.common-tenant-of-oracle-mode/800.queries-and-subqueries-of-oracle-mode/400.collection-of-oracle-mode.md)。

<main id="notice" type='notice'>
<h4>注意</h4>
<p>各个集合运算符只能操作 <code>SELECT</code> 语句的结果集，且各个结果集的列数和数据类型必须相同。</p>
</main>

## 示例

现有测试表 `test_tbl1` 和 `test_tbl2`，数据如下：

```shell
obclient [SYS]> SELECT * FROM test_tbl1;
+------+------+
| ID   | NAME |
+------+------+
|    1 | A1   |
|    2 | A2   |
|    3 | A3   |
|    4 | A4   |
|    5 | A5   |
|    6 | A6   |
+------+------+
6 rows in set

obclient [SYS]> SELECT * FROM test_tbl2;
+------+------+
| ID   | NAME |
+------+------+
|    1 | A1   |
|    2 | A2   |
|    3 | A3   |
|    7 | A7   |
|    8 | A8   |
|    9 | A9   |
+------+------+
6 rows in set
```

### UNION 示例

在下面的 SQL 语句当中，使用 `UNION` 将两个 `SELECT` 语句的结果集合并为一个集合，合并的结果集合会去除重复的行。

```sql
SELECT id, name FROM test_tbl1
UNION
SELECT id, name FROM test_tbl2;
```

返回结果如下：

```shell
+------+------+
| ID   | NAME |
+------+------+
|    1 | A1   |
|    2 | A2   |
|    3 | A3   |
|    4 | A4   |
|    5 | A5   |
|    6 | A6   |
|    7 | A7   |
|    8 | A8   |
|    9 | A9   |
+------+------+
9 rows in set
```

### UNION ALL 示例

在下面的 SQL 语句当中，使用 `UNION ALL` 将两个 `SELECT` 语句的结果集合并为一个集合，合并的结果集合不会去除重复的行。

```sql
SELECT id, name FROM test_tbl1
UNION ALL
SELECT id, name FROM test_tbl2;
```

返回结果如下：

```shell
+------+------+
| ID   | NAME |
+------+------+
|    1 | A1   |
|    2 | A2   |
|    3 | A3   |
|    4 | A4   |
|    5 | A5   |
|    6 | A6   |
|    1 | A1   |
|    2 | A2   |
|    3 | A3   |
|    7 | A7   |
|    8 | A8   |
|    9 | A9   |
+------+------+
12 rows in set
```

### INTERSECT 示例

在下面的 SQL 语句当中，使用 `INTERSECT` 返回两个 `SELECT` 语句的结果集的交集。

```sql
SELECT id, name FROM test_tbl1
INTERSECT
SELECT id, name FROM test_tbl2;
```

返回结果如下：

```shell
+------+------+
| ID   | NAME |
+------+------+
|    1 | A1   |
|    2 | A2   |
|    3 | A3   |
+------+------+
3 rows in set
```

### MINUS 示例

在下面的 SQL 语句当中，使用 `MINUS` 返回第一个 `SELECT` 语句的结果集中不包含在第二个 `SELECT` 语句的结果集中的行。

```sql
SELECT id, name FROM test_tbl1
MINUS
SELECT id, name FROM test_tbl2;
```

返回结果如下：

```shell
+------+------+
| ID   | NAME |
+------+------+
|    4 | A4   |
|    5 | A5   |
|    6 | A6   |
+------+------+
3 rows in set
```

## 相关文档

* [集合类 SELECT](../../../700.reference/500.sql-reference/100.sql-syntax/300.common-tenant-of-oracle-mode/900.sql-statement-of-oracle-mode/200.dml-of-oracle-mode/500.select-of-oracle-mode/200.collection-select-of-oracle-mode.md)
* [复合查询](../../../700.reference/500.sql-reference/100.sql-syntax/300.common-tenant-of-oracle-mode/800.queries-and-subqueries-of-oracle-mode/400.collection-of-oracle-mode.md)
