| Description   |                 |
|---------------|-----------------|
| keywords      |                 |
| dir-name      |                 |
| dir-name-en   |                 |
| tenant-type   | Oracle Mode     |

# 集合类 SELECT

本节将介绍集合类 SELECT 的语法结构。

## 描述

该语句用于对多个 `SELECT` 查询的结果合并为一个结果。每个 `SELECT` 的列数和数据类型必须相同，但列长可以不同。

## 语法

```sql
select_clause_set:
  simple_select [ UNION | UNION ALL | MINUS | INTERSECT] select_clause_set_right
      [ORDER BY sort_list_columns]

select_clause_set_right:
    simple_select  
    | select_caluse_set
```

### 参数解释

|    参数     |                    描述                    |
|-----------|------------------------------------------|
| UNION ALL | 合并两个查询的结果。                               |
| UNION     | 合并两个查询的结果，并去重。                           |
| MINUS     | 从左查询结果集中去重出现在右查询中的结果，并去重。                |
| INTERSECT | 保留左查询结果集中出现在右查询中的结果，即左查询结果和右查询结果的交集，并去重。 |

## 示例

创建示例表 `tbl1` 和 `tbl2`。

```sql
obclient> CREATE TABLE tbl1 (col1 INT, col2 INT);
Query OK, 0 rows affected

obclient> CREATE TABLE tbl2 (col1 INT, col2 INT);
Query OK, 0 rows affected

obclient> INSERT INTO tbl1 VALUES (1, 1), (2, 2),(2,2);
Query OK, 3 rows affected
Records: 3  Duplicates: 0  Warnings: 0

obclient> INSERT INTO tbl2 VALUES (2, 2),(2, 2),(3,3);
Query OK, 3 rows affected
Records: 3  Duplicates: 0  Warnings: 0

obclient> SELECT * FROM tbl1;
+------+------+
| COL1 | COL2 |
+------+------+
|    1 |    1 |
|    2 |    2 |
|    2 |    2 |
+------+------+
3 rows in set

obclient> SELECT * FROM tbl2;
+------+------+
| COL1 | COL2 |
+------+------+
|    2 |    2 |
|    2 |    2 |
|    3 |    3 |
+------+------+
3 rows in set
```

* 计算 `tbl1`、`tbl2` 所有的记录。

  ```sql
  obclient> SELECT col1, col2 FROM tbl1 UNION ALL SELECT col1, col2 FROM tbl2;
  +------+------+
  | COL1 | COL2 |
  +------+------+
  |    1 |    1 |
  |    2 |    2 |
  |    2 |    2 |
  |    2 |    2 |
  |    2 |    2 |
  |    3 |    3 |
  +------+------+
  6 rows in set
  ```

* 计算 `tbl1`、`tbl2` 的去重后的所有记录。

  ```sql
  obclient> SELECT col1, col2 FROM tbl1 UNION SELECT col1, col2 FROM tbl2;
  +------+------+
  | COL1 | COL2 |
  +------+------+
  |    1 |    1 |
  |    2 |    2 |
  |    3 |    3 |
  +------+------+
  3 rows in set
  ```

* 计算在表 `tbl1` 和 `tbl2` 共有的数据。

  ```sql
  obclient> SELECT col1, col2 FROM tbl1 INTERSECT SELECT col1, col2 FROM tbl2;
  +------+------+
  | COL1 | COL2 |
  +------+------+
  |    2 |    2 |
  +------+------+
  1 row in set
  ```

* 计算在表 `tbl1` 中存在而在表 `tbl2` 中不存在的数据。

  ```sql
  obclient> SELECT col1, col2 FROM tbl1 MINUS SELECT col1, col2 FROM tbl2;
  +------+------+
  | COL1 | COL2 |
  +------+------+
  |    1 |    1 |
  +------+------+
  1 row in set
  ```
