| Description   |                 |
|---------------|-----------------|
| keywords      |                 |
| dir-name      |                 |
| dir-name-en   |                 |
| tenant-type   | MySQL Mode      |

# TO_SECONDS

## Syntax

```sql
TO_SECONDS(expr)
```

## Purpose

`TO_SECONDS()` returns the number of seconds from the year 0 to the date or datetime expression `expr`. If `expr` is `NULL`, `NULL` is returned.

## Examples

```sql
obclient> SELECT TO_SECONDS(950501);
+--------------------+
| TO_SECONDS(950501) |
+--------------------+
|        62966505600 |
+--------------------+
1 row in set

obclient> SELECT TO_SECONDS('2021-07-15');
+--------------------------+
| TO_SECONDS('2021-07-15') |
+--------------------------+
|              63793526400 |
+--------------------------+
1 row in set
```
