# 通过调整 Unit Number 实现租户扩缩容

租户扩容和缩容本质上是提高和降低租户的服务能力，包括计算能力和存储容量。可以通过提高单节点的服务能力达成，也可以通过增加服务节点达成。本文介绍如何通过修改 Unit Number，从而增加或减少服务节点，达到租户总服务能力的提升或降低，实现租户的扩容或缩容。

修改 Unit Number 包括调大或调小 Unit Number。从 V4.0.0 版本开始，OceanBase 数据库要求每个 Zone 的 Unit 个数必须保持一致。为了方便统一管理各个 Zone 的 Unit，系统引入了 Unit Group 机制，即不同 Zone 之间相同编号（`UNIT_GROUP_ID`）的 Unit 属于同一个 Unit Group。调大或调小 Unit Number 本质上是以 Unit Group 为单位创建和删除 Unit。

## 前提条件

在进行租户的扩容和缩容操作前，需要进行以下操作：

* 设置租户内的负载均衡策略

  租户内的负载均衡策略由租户级配置项 `enable_rebalance` 和 `enable_transfer` 共同控制。
  
  配置项 `enable_rebalance` 在系统租户下用于控制是否进行租户间的负载均衡；在用户租户下用于控制是否进行租户内均衡。默认值为 `true`，设置后不需要重启 OBServer 节点，立即生效。

  配置项 `enable_transfer` 用于控制是否开启租户下的 Transfer 功能，默认值为 `true`，设置后不需要重启 OBServer 节点，立即生效。配置项 `enable_transfer` 值的含义依赖配置项 `enable_rebalance` 的取值：
  
  * 当配置项 `enable_rebalance` 的值为 `false` 时，配置项 `enable_transfer` 的值无效。

  * 当配置项 `enable_rebalance` 的值为 `true` 且 `enable_transfer` 的值为 `true` 时，表示在进行租户扩缩容操作时，系统会自动调整分区分布，实现负载均衡。

  * 当配置项 `enable_rebalance` 的值为 `true` 且 `enable_transfer` 的值为 `false` 时，表示在进行租户扩缩容操作时，系统不会自动调整分区分布，不能自动达到负载均衡。

   具体设置方法如下：

  * 系统租户设置指定租户的负载均衡策略

    * 系统租户开启指定租户的租户内负载均衡和租户下的 Transfer 功能

       ```sql
       ALTER SYSTEM SET enable_rebalance = true TENANT = 'tenant_name';
       ```

       ```sql
       ALTER SYSTEM SET enable_transfer = true TENANT = 'tenant_name';
       ```

       以上语句表示仅指定租户下的配置项 `enable_rebalance` 和 `enable_transfer` 的值为 `true`。

    * 系统租户开启所有用户租户（不含 `sys` 租户和 Meta 租户）的租户内负载均衡和租户下的 Transfer 功能

       ```sql
       ALTER SYSTEM SET enable_rebalance = true TENANT = all_user;
       ```

       ```sql
       ALTER SYSTEM SET enable_transfer = true TENANT = all_user;
       ```

       或者

       ```sql
       ALTER SYSTEM SET enable_rebalance = true TENANT = all;
       ```

       ```sql
       ALTER SYSTEM SET enable_transfer = true TENANT = all;
       ```

       以上语句表示所有用户租户下配置项 `enable_rebalance` 和 `enable_transfer` 的值为 `true`。

       <main id="notice" type='explain'>
       <h4>说明</h4>
       <p>OceanBase 数据库从 V4.2.1 版本开始，<code>TENANT = all_user</code> 与 <code>TENANT = all</code>语义相同，在需要生效范围为所有用户租户时，推荐使用 <code>TENANT = all_user</code>，后续 <code>TENANT = all</code> 将废弃不再使用。</p>
       </main>

  * 用户租户设置本租户的负载均衡策略

    :::tab
    tab MySQL 模式

    MySQL 租户开启本租户的租户内负载均衡和租户下的 Transfer 功能的语句如下：

    ```sql
    ALTER SYSTEM SET enable_rebalance = true;
    ```

    ```sql
    ALTER SYSTEM SET enable_transfer = true;
    ```

    tab Oracle 模式

    Oracle 租户开启本租户的租户内负载均衡和租户下的 Transfer 功能的语句如下：

    ```sql
    ALTER SYSTEM SET enable_rebalance = 'true';
    ```

    ```sql
    ALTER SYSTEM SET enable_transfer = 'true';
    ```

    :::

  更多配置项 `enable_rebalance` 和 `enable_transfer` 的详细说明，请参见 [enable_rebalance](../../../../700.reference/800.configuration-items-and-system-variables/100.system-configuration-items/400.tenant-level-configuration-items/6700.enable_rebalance.md) 和 [enable_transfer](../../../../700.reference/800.configuration-items-and-system-variables/100.system-configuration-items/400.tenant-level-configuration-items/25600.enable_transfer.md)。

* 由于空闲的资源池会被计算为占用的资源，故在扩容前，如果有租户被删除，建议与租户对应的资源池也一并删除，以便释放资源。

  删除资源池的相关操作，参见 [删除资源池](../1500.resource-pool-management/600.delete-resource-pool.md)。

* 进行租户缩容前，建议进行一轮转储以便释放租户正在使用的内存。

  手动触发转储的相关操作，参见 [手动触发转储](../../../../700.reference/200.system-management/500.manage-data-storage/100.dump-management/300.trigger-dump-manually.md)。

## 调大 Unit Number

下面以调大租户 `mysql001` 的 Unit Number 为例来介绍操作方法。

1. 使用 `root` 用户登录到集群的 `sys` 租户。

    ```shell
    obclient -h172.30.xxx.xxx -P2883 -uroot@sys#obdemo -pxxxx -A
    ```

2. 进入 `oceanbase` 数据库。

    ```sql
    use oceanbase;
    ```

3. 查看租户 `mysql001` 信息，获取其 `TENANT_ID`。

   ```sql
   SELECT * FROM oceanbase.DBA_OB_TENANTS WHERE TENANT_NAME = 'mysql001';
   ```

   查询结果如下：

   ```shell
   +-----------+-------------+-------------+----------------------------+----------------------------+-------------------+---------------------------------------------+-------------------+--------------------+--------+---------------+--------+-------------+-------------------+------------------+---------------------+---------------------+---------------------+---------------------+--------------+----------------------------+----------+------------+-----------+
   | TENANT_ID | TENANT_NAME | TENANT_TYPE | CREATE_TIME                | MODIFY_TIME                | PRIMARY_ZONE      | LOCALITY                                    | PREVIOUS_LOCALITY | COMPATIBILITY_MODE | STATUS | IN_RECYCLEBIN | LOCKED | TENANT_ROLE | SWITCHOVER_STATUS | SWITCHOVER_EPOCH | SYNC_SCN            | REPLAYABLE_SCN      | READABLE_SCN        | RECOVERY_UNTIL_SCN  | LOG_MODE     | ARBITRATION_SERVICE_STATUS | UNIT_NUM | COMPATIBLE | MAX_LS_ID |
   +-----------+-------------+-------------+----------------------------+----------------------------+-------------------+---------------------------------------------+-------------------+--------------------+--------+---------------+--------+-------------+-------------------+------------------+---------------------+---------------------+---------------------+---------------------+--------------+----------------------------+----------+------------+-----------+
   |      1006 | mysql001    | USER        | 2023-09-25 17:06:51.025654 | 2023-09-25 17:41:44.412137 | zone1;zone2,zone3 | FULL{1}@zone1, FULL{1}@zone2, FULL{1}@zone3 | NULL              | MYSQL              | NORMAL | NO            | NO     | PRIMARY     | NORMAL            |                0 | 1695637653853887075 | 1695637653853887075 | 1695637653853887075 | 4611686018427387903 | NOARCHIVELOG | DISABLED                   |        1 | 4.2.1.0    |      1005 |
   +-----------+-------------+-------------+----------------------------+----------------------------+-------------------+---------------------------------------------+-------------------+--------------------+--------+---------------+--------+-------------+-------------------+------------------+---------------------+---------------------+---------------------+---------------------+--------------+----------------------------   +----------+------------+-----------+
   1 row in set
   ```

   查询结果中，`UNIT_NUM` 的值为 `1` 表示租户的 Unit Number 数为 `1`。

4. 查看租户 `mysql001` 所拥有的 Unit。

   ```sql
   SELECT * FROM oceanbase.DBA_OB_UNITS WHERE TENANT_ID = 1006;
   ```

   查询结果如下：

   ```shell
   +---------+-----------+----------+------------------+---------------+----------------------------+----------------------------+-------+----------------+----------+---------------------+-----------------------+----------------+----------------+---------+---------+-------------+---------------+---------------------+---------------------+-------------+
   | UNIT_ID | TENANT_ID | STATUS   | RESOURCE_POOL_ID | UNIT_GROUP_ID | CREATE_TIME                | MODIFY_TIME                | ZONE  | SVR_IP         | SVR_PORT | MIGRATE_FROM_SVR_IP | MIGRATE_FROM_SVR_PORT | MANUAL_MIGRATE | UNIT_CONFIG_ID | MAX_CPU | MIN_CPU | MEMORY_SIZE | LOG_DISK_SIZE | MAX_IOPS            | MIN_IOPS            | IOPS_WEIGHT |
   +---------+-----------+----------+------------------+---------------+----------------------------+----------------------------+-------+----------------+----------+---------------------+-----------------------+----------------+----------------+---------+---------+-------------+---------------+---------------------+---------------------+-------------+
   |    1017 |      1006 | ACTIVE   |             1003 |          1007 | 2023-09-25 17:06:38.571540 | 2023-09-25 17:06:51.030929 | zone1 | xxx.xx.xxx.198 |     2882 | NULL                |                  NULL | NULL           |           1002 |       1 |       1 |  5368709120 |   16106127360 | 9223372036854775807 | 9223372036854775807 |           1 |
   |    1019 |      1006 | ACTIVE   |             1003 |          1007 | 2023-09-25 17:06:38.575723 | 2023-09-25 17:06:51.030929 | zone2 | xxx.xx.xxx.196 |     2882 | NULL                |                  NULL | NULL           |           1002 |       1 |       1 |  5368709120 |   16106127360 | 9223372036854775807 | 9223372036854775807 |           1 |
   |    1021 |      1006 | ACTIVE   |             1003 |          1007 | 2023-09-25 17:06:38.581002 | 2023-09-25 17:06:51.031986 | zone3 | xxx.xx.xxx.197 |     2882 | NULL                |                  NULL | NULL           |           1002 |       1 |       1 |  5368709120 |   16106127360 | 9223372036854775807 | 9223372036854775807 |           1 |
   +---------+-----------+----------+------------------+---------------+----------------------------+----------------------------+-------+----------------+----------+---------------------+-----------------------+----------------+----------------+---------+---------+-------------+---------------+---------------------+---------------------+-------------+
   3 rows in set
   ```

   根据查询结果可知，租户 `mysql001` 的每个 Zone 均有 1 个 Unit，且这 3 个 Unit 属于同一个 Unit Group。

5. 把租户 `mysql001` 的 `UNIT_NUM` 修改为 2。

   ```sql
   ALTER RESOURCE TENANT mysql001 UNIT_NUM = 2;
   ```

6. 查看调大 Unit Number 任务的执行状态。

   ```sql
   SELECT * FROM oceanbase.DBA_OB_TENANT_JOBS WHERE JOB_TYPE='ALTER_RESOURCE_TENANT_UNIT_NUM' AND TENANT_ID=1006;
   ```

   查询结果如下：

   ```shell
   +--------+--------------------------------+------------+-------------+----------+----------------------------+----------------------------+-----------+---------------------------------------------+--------------------+----------------+-------------+
   | JOB_ID | JOB_TYPE                       | JOB_STATUS | RESULT_CODE | PROGRESS | START_TIME                 | MODIFY_TIME                | TENANT_ID | SQL_TEXT                                    | EXTRA_INFO         | RS_SVR_IP      | RS_SVR_PORT |
   +--------+--------------------------------+------------+-------------+----------+----------------------------+----------------------------+-----------+---------------------------------------------+--------------------+----------------+-------------+
   |      6 | ALTER_RESOURCE_TENANT_UNIT_NUM | SUCCESS    |           0 |      100 | 2023-09-25 18:38:05.889876 | 2023-09-25 18:38:25.531461 |      1006 | ALTER RESOURCE TENANT mysql001 UNIT_NUM = 2 | FROM: '1', TO: '2' | xxx.xx.xxx.196 |        2882 |
   |      7 | ALTER_RESOURCE_TENANT_UNIT_NUM | SUCCESS    |           0 |      100 | 2023-09-26 09:37:32.367076 | 2023-09-26 09:39:05.651200 |      1006 | ALTER RESOURCE TENANT mysql001 UNIT_NUM = 1 | FROM: '2', TO: '1' | xxx.xx.xxx.196 |        2882 |
   |      8 | ALTER_RESOURCE_TENANT_UNIT_NUM | SUCCESS    |           0 |      100 | 2023-09-26 09:57:45.028091 | 2023-09-26 09:58:00.412204 |      1006 | ALTER RESOURCE TENANT mysql001 UNIT_NUM = 2 | FROM: '1', TO: '2' | xxx.xx.xxx.196 |        2882 |
   +--------+--------------------------------+------------+-------------+----------+----------------------------+----------------------------+-----------+---------------------------------------------+--------------------+----------------+-------------+
   6 rows in set
   ```

   查询结果中，根据以下字段，找到对应的任务记录：

   * `START_TIME`：任务的发起时间。
   * `SQL_TEXT`：任务对应的 SQL 语句。
   * `EXTRA_INFO`：变更前后的 Unit Number 数。

   当对应变更记录中 `JOB_STATUS` 的值为 `SUCCESS` 时，表示调大 Unit Number 的任务执行成功。

   有关视图 `DBA_OB_TENANT_JOBS` 的详细字段说明，请参见 [DBA_OB_TENANT_JOBS](../../../../700.reference/700.system-views/300.system-view-of-sys-tenant/200.dictionary-view-of-sys-tenant/5700.oceanbase-dba_ob_tenant_jobs-of-sys-tenant.md)。

7. 查看租户 `mysql001` 修改后的 Unit。

   ```sql
   SELECT * FROM oceanbase.DBA_OB_UNITS WHERE TENANT_ID = 1006;
   ```

   查询结果如下：

   ```shell
   +---------+-----------+--------+------------------+---------------+----------------------------+----------------------------+-------+----------------+----------+---------------------+-----------------------+----------------+----------------+---------+---------+-------------+---------------+---------------------+---------------------+-------------+
   | UNIT_ID | TENANT_ID | STATUS | RESOURCE_POOL_ID | UNIT_GROUP_ID | CREATE_TIME                | MODIFY_TIME                | ZONE  | SVR_IP         | SVR_PORT | MIGRATE_FROM_SVR_IP | MIGRATE_FROM_SVR_PORT | MANUAL_MIGRATE | UNIT_CONFIG_ID | MAX_CPU | MIN_CPU | MEMORY_SIZE | LOG_DISK_SIZE | MAX_IOPS            | MIN_IOPS            | IOPS_WEIGHT |
   +---------+-----------+--------+------------------+---------------+----------------------------+----------------------------+-------+----------------+----------+---------------------+-----------------------+----------------+----------------+---------+---------+-------------+---------------+---------------------+---------------------+-------------+
   |    1017 |      1006 | ACTIVE |             1003 |          1007 | 2023-09-25 17:06:38.571540 | 2023-09-25 17:06:51.030929 | zone1 | xxx.xx.xxx.198 |     2882 | NULL                |                  NULL | NULL           |           1002 |       1 |       1 |  5368709120 |   16106127360 | 9223372036854775807 | 9223372036854775807 |           1 |
   |    1019 |      1006 | ACTIVE |             1003 |          1007 | 2023-09-25 17:06:38.575723 | 2023-09-25 17:06:51.030929 | zone2 | xxx.xx.xxx.196 |     2882 | NULL                |                  NULL | NULL           |           1002 |       1 |       1 |  5368709120 |   16106127360 | 9223372036854775807 | 9223372036854775807 |           1 |
   |    1021 |      1006 | ACTIVE |             1003 |          1007 | 2023-09-25 17:06:38.581002 | 2023-09-26 09:39:59.321198 | zone3 | xxx.xx.xxx.204 |     2882 | NULL                |                  NULL | NULL           |           1002 |       1 |       1 |  5368709120 |   16106127360 | 9223372036854775807 | 9223372036854775807 |           1 |
   |    1028 |      1006 | ACTIVE |             1003 |          1010 | 2023-09-26 09:57:45.029620 | 2023-09-26 09:57:45.029620 | zone1 | xxx.xx.xxx.194 |     2882 | NULL                |                  NULL | NULL           |           1002 |       1 |       1 |  5368709120 |   16106127360 | 9223372036854775807 | 9223372036854775807 |           1 |
   |    1029 |      1006 | ACTIVE |             1003 |          1010 | 2023-09-26 09:57:45.031734 | 2023-09-26 09:57:45.031734 | zone2 | xxx.xx.xxx.192 |     2882 | NULL                |                  NULL | NULL           |           1002 |       1 |       1 |  5368709120 |   16106127360 | 9223372036854775807 | 9223372036854775807 |           1 |
   |    1030 |      1006 | ACTIVE |             1003 |          1010 | 2023-09-26 09:57:45.033851 | 2023-09-26 09:57:45.033851 | zone3 | xxx.xx.xxx.197 |     2882 | NULL                |                  NULL | NULL           |           1002 |       1 |       1 |  5368709120 |   16106127360 | 9223372036854775807 | 9223372036854775807 |           1 |
   +---------+-----------+--------+------------------+---------------+----------------------------+----------------------------+-------+----------------+----------+---------------------+-----------------------+----------------+----------------+---------+---------+-------------+---------------+---------------------+---------------------+-------------+
   6 rows in set
   ```

通过上述示例，将租户 `mysql001` 的 Unit Number 从 1 变更为 2。变更前租户在每个 Zone 的 Unit 个数为 1；变更后租户在每个 Zone 的 Unit 个数为 2，从而实现了租户扩容。

## 调小 Unit Number

下面以调小租户 `mysql001` 的 Unit Number 为例来介绍操作方法。

1. 使用 `root` 用户登录到集群的 `sys` 租户。

    ```shell
    obclient -h172.xxx.xxx.xxx -P2883 -uroot@sys#obdemo -pxxxx -A
    ```

2. 进入 `oceanbase` 数据库。

    ```sql
    use oceanbase;
    ```

3. 查看租户 `mysql001` 信息，获取其 `TENANT_ID`。

   ```sql
   SELECT * FROM oceanbase.DBA_OB_TENANTS WHERE TENANT_NAME = 'mysql001';
   ```

   查询结果如下：

   ```shell
   +-----------+-------------+-------------+----------------------------+----------------------------+-------------------+---------------------------------------------+-------------------+--------------------+--------+---------------+--------+-------------+-------------------+------------------+---------------------+---------------------+---------------------+---------------------+--------------+----------------------------+----------+------------+-----------+
   | TENANT_ID | TENANT_NAME | TENANT_TYPE | CREATE_TIME                | MODIFY_TIME                | PRIMARY_ZONE      | LOCALITY                                    | PREVIOUS_LOCALITY | COMPATIBILITY_MODE | STATUS | IN_RECYCLEBIN | LOCKED | TENANT_ROLE | SWITCHOVER_STATUS | SWITCHOVER_EPOCH | SYNC_SCN            | REPLAYABLE_SCN      | READABLE_SCN        | RECOVERY_UNTIL_SCN  | LOG_MODE     | ARBITRATION_SERVICE_STATUS | UNIT_NUM | COMPATIBLE | MAX_LS_ID |
   +-----------+-------------+-------------+----------------------------+----------------------------+-------------------+---------------------------------------------+-------------------+--------------------+--------+---------------+--------+-------------+-------------------+------------------+---------------------+---------------------+---------------------+---------------------+--------------+----------------------------+----------+------------+-----------+
   |      1006 | mysql001    | USER        | 2023-09-25 17:06:51.025654 | 2023-09-25 17:41:44.412137 | zone1;zone2,zone3 | FULL{1}@zone1, FULL{1}@zone2, FULL{1}@zone3 | NULL              | MYSQL              | NORMAL | NO            | NO     | PRIMARY     | NORMAL            |                0 | 1695636323100528993 | 1695636323100528993 | 1695636323100528993 | 4611686018427387903 | NOARCHIVELOG | DISABLED                   |        2 | 4.2.1.0    |      1005 |
   +-----------+-------------+-------------+----------------------------+----------------------------+-------------------+---------------------------------------------+-------------------+--------------------+--------+---------------+--------+-------------+-------------------+------------------+---------------------+---------------------+---------------------+---------------------+--------------+----------------------------+----------+------------+-----------+
   1 row in set
   ```

   查询结果中，`UNIT_NUM` 的值为 `2` 表示租户的 Unit Number 数为 2。

4. 查看租户 `mysql001` 所拥有的 Unit。

   ```sql
   SELECT * FROM oceanbase.DBA_OB_UNITS WHERE TENANT_ID = 1006;
   ```

   查询结果如下：

   ```shell
   +---------+-----------+--------+------------------+---------------+----------------------------+----------------------------+-------+----------------+----------+---------------------+-----------------------+----------------+----------------+---------+---------+-------------+---------------+---------------------+---------------------+-------------+
   | UNIT_ID | TENANT_ID | STATUS | RESOURCE_POOL_ID | UNIT_GROUP_ID | CREATE_TIME                | MODIFY_TIME                | ZONE  | SVR_IP         | SVR_PORT | MIGRATE_FROM_SVR_IP | MIGRATE_FROM_SVR_PORT | MANUAL_MIGRATE | UNIT_CONFIG_ID | MAX_CPU | MIN_CPU | MEMORY_SIZE | LOG_DISK_SIZE | MAX_IOPS            | MIN_IOPS            | IOPS_WEIGHT |
   +---------+-----------+--------+------------------+---------------+----------------------------+----------------------------+-------+----------------+----------+---------------------+-----------------------+----------------+----------------+---------+---------+-------------+---------------+---------------------+---------------------+-------------+
   |    1016 |      1006 | ACTIVE |             1003 |          1006 | 2023-09-25 17:06:38.569419 | 2023-09-25 18:01:30.069547 | zone1 | xxx.xx.xxx.194 |     2882 | NULL                |                  NULL | NULL           |           1002 |       1 |       1 |  5368709120 |   16106127360 | 9223372036854775807 | 9223372036854775807 |           1 |
   |    1017 |      1006 | ACTIVE |             1003 |          1007 | 2023-09-25 17:06:38.571540 | 2023-09-25 17:06:51.030929 | zone1 | xxx.xx.xxx.198 |     2882 | NULL                |                  NULL | NULL           |           1002 |       1 |       1 |  5368709120 |   16106127360 | 9223372036854775807 | 9223372036854775807 |           1 |
   |    1018 |      1006 | ACTIVE |             1003 |          1006 | 2023-09-25 17:06:38.573614 | 2023-09-25 18:01:30.070603 | zone2 | xxx.xx.xxx.192 |     2882 | NULL                |                  NULL | NULL           |           1002 |       1 |       1 |  5368709120 |   16106127360 | 9223372036854775807 | 9223372036854775807 |           1 |
   |    1019 |      1006 | ACTIVE |             1003 |          1007 | 2023-09-25 17:06:38.575723 | 2023-09-25 17:06:51.030929 | zone2 | xxx.xx.xxx.196 |     2882 | NULL                |                  NULL | NULL           |           1002 |       1 |       1 |  5368709120 |   16106127360 | 9223372036854775807 | 9223372036854775807 |           1 |
   |    1020 |      1006 | ACTIVE |             1003 |          1006 | 2023-09-25 17:06:38.579946 | 2023-09-25 18:01:30.070603 | zone3 | xxx.xx.xxx.204 |     2882 | NULL                |                  NULL | NULL           |           1002 |       1 |       1 |  5368709120 |   16106127360 | 9223372036854775807 | 9223372036854775807 |           1 |
   |    1021 |      1006 | ACTIVE |             1003 |          1007 | 2023-09-25 17:06:38.581002 | 2023-09-25 17:06:51.031986 | zone3 | xxx.xx.xxx.197 |     2882 | NULL                |                  NULL | NULL           |           1002 |       1 |       1 |  5368709120 |   16106127360 | 9223372036854775807 | 9223372036854775807 |           1 |
   +---------+-----------+--------+------------------+---------------+----------------------------+----------------------------+-------+----------------+----------+---------------------+-----------------------+----------------+----------------+---------+---------+-------------+---------------+---------------------+---------------------+-------------+
   6 rows in set
   ```

   根据查询结果可知，租户 `mysql001` 的每个 Zone 均有 2 个 Unit。其中，`UNIT_ID` 为 `1016`、`1018`、`1020` 的 Unit 属于同一个 Unit Group，且其 `UNIT_GROUP_ID` 为 `1006`；`UNIT_ID` 为 `1017`、`1019`、`1021` 的 Unit 属于另一个 Unit Group，且其 `UNIT_GROUP_ID` 为 `1007`。

5. 把租户 `mysql001` 的 `UNIT_NUM` 修改为 1。

   * 通过随机删除 `UNIT_GROUP` 的方式来调小 `UNIT_NUM` 的数量。

     ```sql
     ALTER RESOURCE TENANT mysql001 UNIT_NUM = 1;
     ```

     该语句执行后，对于每个 Zone 上 2 个 Unit 的场景，系统会随机指定一个 Unit Group，并将该 Unit Group 上的数据重新分布到其他 Unit Group 上后，再删除该 Unit Group。

   * 通过删除指定 `UNIT_GROUP` 的方式来调小 `UNIT_NUM` 的数量

     ```sql
     ALTER RESOURCE TENANT mysql001 UNIT_NUM = 1 DELETE UNIT_GROUP =(1006);
     ```

     该语句执行后，对于每个 Zone 上 2 个 Unit 的场景，系统会将指定 Unit Group 上的数据重新分布到其他 Unit Group 上后，再删除该 Unit Group。

6. 查看调小 Unit Number 任务的执行状态。

   ```sql
   SELECT * FROM oceanbase.DBA_OB_TENANT_JOBS WHERE JOB_TYPE='ALTER_RESOURCE_TENANT_UNIT_NUM' AND TENANT_ID=1006;
   ```

   查询结果如下：

   ```shell
   +--------+--------------------------------+------------+-------------+----------+----------------------------+----------------------------+-----------+---------------------------------------------+--------------------+----------------+-------------+
   | JOB_ID | JOB_TYPE                       | JOB_STATUS | RESULT_CODE | PROGRESS | START_TIME                 | MODIFY_TIME                | TENANT_ID | SQL_TEXT                                    | EXTRA_INFO         | RS_SVR_IP      | RS_SVR_PORT |
   +--------+--------------------------------+------------+-------------+----------+----------------------------+----------------------------+-----------+---------------------------------------------+--------------------+----------------+-------------+
   |      6 | ALTER_RESOURCE_TENANT_UNIT_NUM | SUCCESS    |           0 |      100 | 2023-09-25 18:01:30.069506 | 2023-09-25 18:01:45.068740 |      1006 | ALTER RESOURCE TENANT mysql001 UNIT_NUM = 2 | FROM: '1', TO: '2' | xxx.xx.xxx.196 |        2882 |
   |      7 | ALTER_RESOURCE_TENANT_UNIT_NUM | SUCCESS    |           0 |      100 | 2023-09-26 09:37:32.367076 | 2023-09-26 09:39:05.651200 |      1006 | ALTER RESOURCE TENANT mysql001 UNIT_NUM = 1 | FROM: '2', TO: '1' | xxx.xx.xxx.196 |        2882 |
   +--------+--------------------------------+------------+-------------+----------+----------------------------+----------------------------+-----------+---------------------------------------------+--------------------+----------------+-------------+
   2 rows in set
   ```

   查询结果中，根据以下字段，找到对应的任务记录：

   * `START_TIME`：任务的发起时间。
   * `SQL_TEXT`：任务对应的 SQL 语句。
   * `EXTRA_INFO`：变更前后的 Unit Number 数。

   当对应任务记录中 `JOB_STATUS` 的值为 `SUCCESS` 时，表示调小 Unit Number 的任务执行成功。

   有关视图 `DBA_OB_TENANT_JOBS` 的详细字段说明，请参见 [DBA_OB_TENANT_JOBS](../../../../700.reference/700.system-views/300.system-view-of-sys-tenant/200.dictionary-view-of-sys-tenant/5700.oceanbase-dba_ob_tenant_jobs-of-sys-tenant.md)。

7. 查看租户 `mysql001` 修改后的 Unit。

   ```sql
   SELECT * FROM oceanbase.DBA_OB_UNITS WHERE TENANT_ID = 1006;
   ```

   查询结果如下：

   ```shell
   +---------+-----------+----------+------------------+---------------+----------------------------+----------------------------+-------+----------------+----------+---------------------+-----------------------+----------------+----------------+---------+---------+-------------+---------------+---------------------+---------------------+-------------+
   | UNIT_ID | TENANT_ID | STATUS   | RESOURCE_POOL_ID | UNIT_GROUP_ID | CREATE_TIME                | MODIFY_TIME                | ZONE  | SVR_IP         | SVR_PORT | MIGRATE_FROM_SVR_IP | MIGRATE_FROM_SVR_PORT | MANUAL_MIGRATE | UNIT_CONFIG_ID | MAX_CPU | MIN_CPU | MEMORY_SIZE | LOG_DISK_SIZE | MAX_IOPS            | MIN_IOPS            | IOPS_WEIGHT |
   +---------+-----------+----------+------------------+---------------+----------------------------+----------------------------+-------+----------------+----------+---------------------+-----------------------+----------------+----------------+---------+---------+-------------+---------------+---------------------+---------------------+-------------+
   |    1017 |      1006 | ACTIVE   |             1003 |          1007 | 2023-09-25 17:06:38.571540 | 2023-09-25 17:06:51.030929 | zone1 | xxx.xx.xxx.198 |     2882 | NULL                |                  NULL | NULL           |           1002 |       1 |       1 |  5368709120 |   16106127360 | 9223372036854775807 | 9223372036854775807 |           1 |
   |    1019 |      1006 | ACTIVE   |             1003 |          1007 | 2023-09-25 17:06:38.575723 | 2023-09-25 17:06:51.030929 | zone2 | xxx.xx.xxx.196 |     2882 | NULL                |                  NULL | NULL           |           1002 |       1 |       1 |  5368709120 |   16106127360 | 9223372036854775807 | 9223372036854775807 |           1 |
   |    1021 |      1006 | ACTIVE   |             1003 |          1007 | 2023-09-25 17:06:38.581002 | 2023-09-26 09:39:59.321198 | zone3 | xxx.xx.xxx.197 |     2882 | NULL                |                  NULL | NULL           |           1002 |       1 |       1 |  5368709120 |   16106127360 | 9223372036854775807 | 9223372036854775807 |           1 |
   +---------+-----------+----------+------------------+---------------+----------------------------+----------------------------+-------+----------------+----------+---------------------+-----------------------+----------------+----------------+---------+---------+-------------+---------------+---------------------+---------------------+-------------+
   3 rows in set
   ```

通过上述示例，将租户 `mysql001` 的 Unit Number 从 2 变更为 1。变更前租户在每个 Zone 的 Unit 个数为 2；变更后租户在每个 Zone 的 Unit 个数为 1，从而实现了租户缩容。

## 相关文档

* [租户扩缩容介绍](../800.tenant-scale-in-and-out/100.introduction-to-tenant-scale-in-and-out.md)
