| Description   |                 |
|---------------|-----------------|
| keywords      |                 |
| dir-name      |                 |
| dir-name-en   |                 |
| tenant-type   | Oracle Mode     |

# CURSOR 表达式

CURSOR 表达式返回嵌套游标。该形式的表达式等效于 PL 的 REF CURSOR，可以作为 REF CURSOR 参数传递给函数。

## CURSOR 表达式语法

```sql
CURSOR (subquery)
```

在计算 `CURSOR` 表达式时，会隐式打开嵌套游标。例如，如果游标表达式出现在选择列表中，则查询每获取一行都将打开一个嵌套游标。

嵌套游标仅在以下情况时关闭：

* 嵌套游标由用户显式关闭

* 父游标被重新执行

* 父游标关闭

* 父游标被取消

* 在获取某一父游标期间出现错误（嵌套游标关闭后被执行清理）

## 使用限制

CURSOR 表达式具有以下使用限制：

* 如果封闭语句不是 `SELECT` 语句，则嵌套游标只能作为过程的 `REF CURSOR` 参数。

* 如果封闭语句是 `SELECT` 语句，则嵌套游标也可以出现在查询所定义的最外层选择列表中或另一个嵌套游标的最外层选择列表中。

* 嵌套游标不能出现在视图中。

* 不能对嵌套游标执行 `BIND` 和 `EXECUTE` 操作。

## 示例

* 在查询的选择列表中使用 `CURSOR` 表达式。

  ```sql
  obclient> CREATE TABLE dept(  
      deptno           NUMBER(2,0),  
      dname            VARCHAR(15),  
      location         VARCHAR(20),   
     CONSTRAINT pk_dept PRIMARY KEY(deptno)  
  );
  Query OK, 0 rows affected

  obclient> CREATE TABLE emp(  
     empno         NUMBER(4,0),  
     empname       VARCHAR(10),  
     job           VARCHAR(10),  
     mgr           NUMBER(4,0),  
     hiredate      DATE,  
     sal           NUMBER(7,2),  
     comm          NUMBER(7,2),        
     deptno        NUMBER(2,0),   
     CONSTRAINT PK_emp PRIMARY KEY (empno)
  );
  Query OK, 0 rows affected

  obclient> INSERT INTO dept VALUES (10,'ACCOUNTING','Los Angeles')
      ,(30,'OPERATIONS','CHICAGO')
      ,(40,'SALES','NEW YORK');
  Query OK, 3 rows affected
  Records: 3  Duplicates: 0  Warnings: 0

  obclient> INSERT INTO emp VALUES (1839,'KING','PRESIDENT',null, '04-JAN-20',5000,3,10)
      ,(1698,'BLAKE','MANAGER',1839,'01-MAY-1981',2850,2,30)
      ,(1782,'CLARK', 'MANAGER',1839, '09-JUN-81', 2450,2,10)
      ,(1566,'JONES','MANAGER',1839, '02-APR-81',2975,2,40)
      ,(1788,'SCOTT','ANALYST',1566, '15-JUL-87',3000,1,20)
      ,(1369,'SMITH','CLERK',1902,'17-OCT-80',800,1,20);
  Query OK, 6 rows affected
  Records: 6  Duplicates: 0  Warnings: 0

  obclient> SELECT dname, CURSOR(SELECT sal comm FROM emp e WHERE e.deptno= d.deptno)
     FROM dept d ORDER BY dname;
  +------------+-----------------------------------------------------+
  | DNAME      | CURSOR(SELECTSALCOMMFROMEMPEWHEREE.DEPTNO=D.DEPTNO) |
  +------------+-----------------------------------------------------+
  | ACCOUNTING | -1                                                  |
  | OPERATIONS | -1                                                  |
  | SALES      | -1                                                  |
  +------------+-----------------------------------------------------+
  3 rows in set
  ```

* 使用 `CURSOR` 表达式作为函数参数。删除 `emp` 表中某部门的所有员工，如果该部门中已没有员工，则在 `dept` 表中删除该部门。

  ```sql
  obclient> DECLARE
           v_dept_id emp.deptno%TYPE := 10;
       BEGIN
           DELETE FROM emp WHERE deptno=v_dept_id;
           IF SQL%NOTFOUND THEN
               DELETE FROM dept WHERE deptno=v_dept_id;
           END IF;
  END;
  /
  Query OK, 0 rows affected

  obclient> SELECT * FROM emp;
  +-------+---------+---------+------+-----------+------+------+--------+
  | EMPNO | EMPNAME | JOB     | MGR  | HIREDATE  | SAL  | COMM | DEPTNO |
  +-------+---------+---------+------+-----------+------+------+--------+
  |  1369 | SMITH   | CLERK   | 1902 | 17-OCT-80 |  800 |    1 |     20 |
  |  1566 | JONES   | MANAGER | 1839 | 02-APR-81 | 2975 |    2 |     40 |
  |  1698 | BLAKE   | MANAGER | 1839 | 01-MAY-81 | 2850 |    2 |     30 |
  |  1788 | SCOTT   | ANALYST | 1566 | 15-JUL-87 | 3000 |    1 |     20 |
  +-------+---------+---------+------+-----------+------+------+--------+
  4 rows in set
  ```
