| Description   |                 |
|---------------|-----------------|
| keywords      |                 |
| dir-name      |                 |
| dir-name-en   |                 |
| tenant-type   | MySQL Mode      |

# BIT_AND

## 声明

```sql
BIT_AND(expr) OVER (analytic_clause)
```

## 说明

返回 `expr` 中所有位的按位与。

结果类型取决于函数参数值被评估为二进制字符串还是数字。当参数值具有二进制字符串类型，并且参数不是十六进制字面量、Bit 字面量或 `NULL` 字面量时，就会发生二进制字符串求值；否则会发生数值计算，必要时将参数值转换为无符号 64 位整数。

如果没有匹配的行，`BIT_AND()` 返回一个与参数值长度相同的中性值（所有位都设置为 1）。除非所有值都为 `NULL`，否则 `NULL` 值不会影响结果。在这种情况下，结果是一个与参数值具有相同长度的中性值。

## 示例

```sql
CREATE TABLE product_information(supplier_id INT, product_id INT,list_price numeric, min_price numeric);
INSERT INTO PRODUCT_INFORMATION VALUES ('102050', '1659', '45', NULL);
INSERT INTO PRODUCT_INFORMATION VALUES ('102050', '1770', NULL, '70');
INSERT INTO PRODUCT_INFORMATION VALUES ('102050', '2370', '305', '247');
INSERT INTO PRODUCT_INFORMATION VALUES ('102050', '2380', '750', '731');
INSERT INTO PRODUCT_INFORMATION VALUES ('102050', '3255', NULL, NULL);
INSERT INTO PRODUCT_INFORMATION VALUES ('102050', '1659', '35', NULL);

obclient> SELECT * FROM product_information;
+-------------+------------+------------+-----------+
| supplier_id | product_id | list_price | min_price |
+-------------+------------+------------+-----------+
|      102050 |       1659 |         45 |      NULL |
|      102050 |       1770 |       NULL |        70 |
|      102050 |       2370 |        305 |       247 |
|      102050 |       2380 |        750 |       731 |
|      102050 |       3255 |       NULL |      NULL |
|      102050 |       2380 |        750 |       731 |
|      102050 |       1659 |         35 |      NULL |
+-------------+------------+------------+-----------+
7 rows in set

obclient> SELECT product_id, BIT_AND(min_price) OVER (partition by product_id) BITS FROM product_information;
+------------+----------------------+
| product_id | BITS                 |
+------------+----------------------+
|       1659 | 18446744073709551615 |
|       1659 | 18446744073709551615 |
|       1770 |                   70 |
|       2370 |                  247 |
|       2380 |                  731 |
|       3255 | 18446744073709551615 |
+------------+----------------------+
6 rows in set
```
